The maximum Profit: 11794578.34.
The objective value: 
:        x        x.rc        :=
SH001     0   -0.265205
SH002   224    0.803526
SH003   232    0
SH004   124   -9.9476e-14
SH005   233    0
SH006    28   -1.77636e-14
SH007     7   -3.55271e-15
SH008     0   -1.59552
SH009   220    1.33246
SH010     0   -0.345651
SH011   217    0
SH012   217    0
SH013   213    0
SH014    94    0
SH015    80   -7.10543e-15
SH016   232    0.0110835
SH017   140    2.13163e-13
SH018   257    0
SH019   210    0.707241
SH020   213    0.00479987
SH021   224   -2.84217e-14
SH022     4   -1.06581e-14
SH023     0   -1.40203
SH024   209    0
SH025   202    0.487409
SH026     0   -0.56483
SH027   217    0
SH028     0   -0.416111
SH029   218    0
SH030     0   -0.0744526
SH031   225    1.64637
SH032   245    0.22749
SH033   109    7.81597e-14
SH034   186    2.27071
SH035   215    0.727375
SH036     0   -0.188056
SH037     0   -0.674978
SH038   239    0.763887
SH039   195    0
SH040   216    1.13136
SH041   215    0
SH042   188    0
SH043   228    0
SH044   221    0.871383
SH045   210    0
SH046    10   -1.13687e-13
SH047   205    0.378921
SH048   203    1.07034
SH049     0   -0.0123729
SH050   219    0
SH051     0   -1.91332
SH052     0   -0.177815
SH053    52   -1.45661e-13
SH054     0   -0.413055
SH055   205    0.257844
SH056     0   -0.317889
SH057   252    0.0492807
SH058   216    0
SH059    84    5.68434e-14
SH060   191   -7.10543e-15
SH061   218    0
SH062   229    0.594246
SH063   223    0
SH064   231    0.268119
SH065   135    2.06057e-13
SH066   202    0
SH067     0   -0.00574115
SH068   104    1.77636e-14
SH069     0   -0.440564
SH070   198    0
SH071   222    1.41145
SH072   226    0.810333
SH073   207    1.58106
SH074   223    0.0707059
SH075     0   -0.0120127
SH076   156   -1.42109e-14
SH077   119    2.84217e-14
SH078   204    0
SH079   207    0.702609
SH080   205    0
SH081   208    0.455789
SH082   214    0
SH083     0   -0.0683752
SH084   222    0.513456
SH085     0   -0.363466
SH086     0   -0.575929
SH087   215    0
SH088   212    0
SH089    98    9.23706e-14
SH090   237    1.34545
SH091   145    1.42109e-14
SH092   217    0.758029
SH093   192    0
SH094   246    0.475218
SH095   211    1.50236
SH096   226    1.06031
SH097   110    2.84217e-14
SH098   159   -1.27898e-13
SH099    53    1.49214e-13
SH100     0   -1.06759
SH101   222    0.396952
SH102     9    6.39488e-14
SH103     0   -0.170897
SH104    27   -9.9476e-14
SH105   209    0
SH106   128    4.26326e-14
SH107   190    0.603743
SH108     0   -0.0827314
SH109   225    0
SH110   209    0
SH111     0   -0.431448
SH112    83    1.42109e-14
SH113   227    1.85037
SH114   205    0
SH115    28    3.55271e-15
SH116   227    0.555622
SH117   231    1.25907
SH118    32    1.38556e-13
SH119   216    0
SH120   237    0
SH121   254    1.78011
SH122     0   -1.1297
SH123    79   -5.68434e-14
SH124     0   -0.0419831
SH125     0   -0.0340627
SH126   219    0
SH127   235    0
SH128   127    3.55271e-14
SH129    80    1.42109e-14
SH130   210    7.10543e-14
SH131   213    0
SH132   251    0
SH133   242    0
SH134   245    0.120995
SH135     0   -0.173988
SH136     0   -2.05028
SH137   190    2.02505e-13
SH138   131   -2.13163e-14
SH139     0   -0.0678395
SH140   160    3.55271e-15
SH141   101    1.42109e-14
SH142   199    1.17492
SH143    27    6.39488e-14
SH144   224    1.43708
SH145    81    1.42109e-14
SH146   245    0
SH147   200    0
SH148    21    7.10543e-14
SH149   241    0.903971
SH150   213    0
SH151     0   -1.63247
SH152     0   -0.155082
SH153   153    0
SH154   219    0
SH155   174    3.55271e-15
SH156     0   -0.131069
SH157   257    0
SH158     0   -0.249474
SH159    82    0
SH160   145    0
SH161     0   -0.309209
SH162    56    0
SH163    86    0
SH164     0   -0.466845
SH165   230    0
SH166   103   -7.10543e-15
SH167     0   -0.287435
SH168   219    1.45498
SH169    50    3.55271e-14
SH170   210    0.734314
SH171     0   -1.17048
SH172   214    1.36272
SH173   210    0
SH174     0   -1.00591
SH175   104   -1.42109e-14
SH176   225    1.69251
SH177   180   -1.77636e-14
SH178   223    0.541959
SH179   229    0.747631
SH180     0   -0.381611
SH181    28    0
SH182    35    0
SH183   159   -1.42109e-14
SH184     0   -0.484663
SH185   232    0
SH186   216    0.201708
SH187   211    0
SH188   242    0
SH189   183    0
SH190   144   -2.4869e-14
SH191   227    1.00338
SH192   218    1.15811
SH193   150   -1.42109e-14
SH194   217    0
SH195   252    1.93008
SH196   233    0
SH197   219    0
SH198     7    4.26326e-14
SH199   232    0.565549
SH200     0   -0.0661427
SH201   238    1.79452
SH202   206   -1.42109e-14
SH203   250    0.257826
SH204     0   -1.48902
SH205   196    0
SH206    74    2.84217e-14
SH207    65    2.84217e-14
SH208    31   -2.30926e-13
SH209   218    1.65808
SH210   201    0
SH211   251    1.42109e-14
SH212   179    2.84217e-14
SH213   218    1.69863
SH214   208    0.314255
SH215     0   -0.766552
SH216    98    4.61853e-14
SH217   113    0
SH218     0   -1.32189
SH219    10    1.35003e-13
SH220     0   -0.363031
SH221   234    2.39054
SH222    89   -2.91323e-13
SH223   205    0
SH224   221    1.45364
SH225   224    0
SH226   209    2.67957
SH227   181    0.792266
SH228     0   -1.80892
SH229   123    3.19744e-14
SH230   222    0.0173525
SH231     0   -0.59154
SH232   219    1.16171
SH233   224    1.25138
SH234   203    0
SH235   235    0.610233
SH236   248    1.18174
SH237   203    0.0060807
SH238   226    0
SH239   180    7.10543e-15
SH240   235    0
SH241   209    0.877927
SH242   225    0
SH243     0   -0.387556
SH244   246    0.402975
SH245     0   -0.446818
SH246     0   -0.310447
SH247   211    0
SH248   138    1.42109e-14
SH249   203    0
SH250     0   -0.0400917
SH251    98   -8.52651e-14
SH252     0   -1.76168
SH253   191    0
SH254   240    0
SH255   239    0
SH256   217    1.14197
SH257     0   -0.292973
SH258   167    1.98952e-13
SH259    95    0
SH260   206    0
SH261   205    0
SH262   206    0
SH263     5    0
SH264   243    0
SH265   207    0
SH266     0   -0.253625
SH267   215    0.174616
SH268     0   -0.277113
SH269   215    0
SH270   128    1.56319e-13
SH271   161   -7.10543e-15
SH272     0   -0.248854
SH273   248    1.01351
SH274   214    0
SH275     0   -0.141843
SH276   208    0
SH277   211    1.26225
SH278    56    2.13163e-14
SH279   144    3.33955e-13
SH280   100    1.20792e-13
SH281   202    0.412017
SH282   208    0
SH283   211    0.247983
SH284   247    1.85082
SH285   103    1.42109e-14
SH286   225    0.514595
SH287   205    0.89661
SH288   159    7.10543e-14
SH289   226    0
SH290   225    0
SH291   197    7.10543e-14
SH292   248    0
SH293     0   -0.455675
SH294   122    2.16716e-13
SH295   202    0
SH296    30   -4.26326e-14
SH297   199    3.55271e-14
SH298   169   -3.55271e-15
SH299   224    0
SH300   214    0
SH301    82   -1.06581e-14
SH302     0   -0.511616
SH303     0   -0.485502
SH304   182   -1.42109e-14
SH305   163    7.10543e-15
SH306    41   -1.42109e-14
SH307   154    1.42109e-14
SH308   207    1.99212
SH309     3   -1.49214e-13
SH310     0   -0.386473
SH311   102    2.13163e-14
SH312   238    1.66204
SH313   242    0
SH314   196    0
SH315   201   -1.98952e-13
SH316   218    0
SH317   205    0.880248
SH318     6    1.06581e-14
SH319    34    2.84217e-14
SH320   231    1.59242
SH321   127   -4.26326e-14
SH322   237    0.410949
SH323     0   -0.519357
SH324   185    1.06581e-14
SH325   238    0
SH326   248    0
SH327    15    0
SH328   211    0
SH329   200    0
SH330     0   -0.299519
SH331   198    0
SH332    50    1.66978e-13
SH333   165   -4.9738e-14
SH334   193    2.25904
SH335   196    0
SH336   219    0
SH337     0   -0.596878
SH338   216    1.03198
SH339     0   -0.296801
SH340   234    1.14901
SH341   215    0
SH342   199    0
SH343   176   -2.84217e-14
SH344     0   -0.913863
SH345   245    0
SH346   186    0
SH347   237    0.733724
SH348   244    1.28421
SH349   182    0
SH350   210    0.357754
SH351   200   -1.06581e-14
SH352   198    1.32362
SH353   206    0.731444
SH354    12   -1.66978e-13
SH355    39    2.13163e-14
SH356   215    0
SH357    72    1.42109e-14
SH358    59   -3.69482e-13
SH359   177   -4.9738e-14
SH360     0   -0.887665
SH361   209    0
SH362   210    0
SH363   212    0
SH364   220    0
SH365   201    0
SH366   200   -3.55271e-14
SH367   226    1.02774
SH368     0   -0.727989
SH369   189    0
SH370    21   -7.10543e-15
SH371   199    0
SH372   231    1.15089
SH373    39    1.42109e-14
SH374     0   -0.247445
SH375   245    0
SH376   243    0.180908
SH377   177    0
SH378   211    2.25049
SH379   211    0
SH380   136    1.63425e-13
SH381   255    0
SH382     0   -0.665992
SH383   224    0
SH384   252    1.11327
SH385   200   -7.10543e-15
SH386     0   -0.42051
SH387     0   -0.316292
SH388   167    1.42109e-14
SH389   220   -9.23706e-14
SH390    74   -9.23706e-14
SH391   238    0
SH392     0   -0.334751
SH393     0   -0.565003
SH394   212    0.186722
SH395   230    0
SH396   170    4.9738e-14
SH397     0   -0.382174
SH398     0   -0.245257
SH399   221    1.47492
SH400   120    7.10543e-15
SH401    13    3.55271e-15
SH402   211    0
SH403    23   -1.81188e-13
SH404   101   -1.42109e-14
SH405     0   -0.364565
SH406    55    1.35003e-13
SH407   219    0
SH408     0   -0.256624
SH409   200    0
SH410   229    0
SH411   210    1.57238
SH412   154    7.10543e-15
SH413     0   -0.902768
SH414    34    2.4869e-14
SH415   219    0.0211429
SH416   208    0.00467494
SH417   241    0
SH418   262    0
SH419   232    0.410604
SH420   200   -7.10543e-15
SH421   208    1.04743
SH422   209    0.141203
SH423   233    0
SH424    54   -2.84217e-14
SH425   229    1.51246
SH426   198   -8.52651e-14
SH427   239    0
SH428   236    0
SH429     0   -0.230125
SH430   215    0
SH431    69   -7.10543e-15
SH432     0   -0.371827
SH433     0   -0.967212
SH434   263    0.279836
SH435   234    0.179637
SH436     0   -0.240709
SH437    73   -3.55271e-15
SH438   132    7.10543e-15
SH439     0   -0.512052
SH440     0   -0.10313
SH441     0   -0.409564
SH442    93    0
SH443    98   -4.26326e-14
SH444     0   -0.275398
SH445   231    1.46506
SH446    35    9.9476e-14
SH447   229    0.298139
SH448     0   -0.936996
SH449   238    0
SH450     0   -0.687575
SH451   228    0
SH452     0   -0.167891
SH453   235    1.21136
SH454     0   -1.08485
SH455   231    0.118225
SH456   215    0
SH457   221   -1.42109e-14
SH458   208    0.526858
SH459   204    0.659995
SH460    42   -7.10543e-15
SH461    14   -5.68434e-14
SH462   179   -1.42109e-14
SH463   144    6.39488e-14
SH464   241    0.495231
SH465   217    0
SH466   220    0.674031
SH467   182   -1.42109e-14
SH468   213    0
SH469   214    0
SH470   231    0
SH471   211    0
SH472   226    0.236928
SH473   179    0
SH474   238    0
SH475    34   -1.77636e-14
SH476   208    0.773549
SH477   211    0.92673
SH478   231    0.573026
SH479   244    1.30104
SH480   222    0
SH481   249    0
SH482   203    0.258407
SH483   217    2.75898
SH484    86    4.26326e-14
SH485    32    2.84217e-14
SH486     0   -0.805341
SH487   199    1.42109e-14
SH488     0   -0.104181
SH489   221    0
SH490   269    0
SH491   240    0
SH492   242    0
SH493    91   -3.55271e-15
SH494   244    0
SH495   222    0
SH496   245    0.913148
SH497   225    1.31584
SH498   201    1.15488
SH499   208   -2.55795e-13
SH500   213    0
SH501   210    2.18376
SH502     0   -0.336209
SH503   154   -6.39488e-14
SH504   144    2.84217e-14
SH505     0   -0.770697
SH506     2    5.68434e-14
SH507   200   -5.68434e-14
SH508   213    1.29781
SH509     0   -0.380632
SH510     0   -0.260958
SH511   199    0
SH512    57    1.42109e-14
SH513   224    0
SH514   198    1.87574
SH515   176    0
SH516   213    0
SH517     0   -0.429953
SH518    95   -2.13163e-13
SH519     0   -0.164976
SH520   225    0
SH521   108   -1.42109e-14
SH522   159   -2.4869e-14
SH523   154    4.9738e-14
SH524   199    0
SH525   272    0
SH526     0   -0.589989
SH527   222    0
SH528     0   -0.273215
SH529    19   -7.10543e-14
SH530    41   -1.42109e-14
SH531     0   -0.4577
SH532   238    0
SH533     8    1.77636e-14
SH534   203    0.827777
SH535   220    1.9368
SH536   217    0.414111
SH537   232    0.318419
SH538   120    0
SH539     0   -1.04398
SH540   219    0
SH541   110    2.4869e-14
SH542   226    0
SH543   235    0
SH544   221    0
SH545    29   -1.42109e-14
SH546   238    1.27702
SH547   199   -2.20268e-13
SH548    16    1.42109e-14
SH549   208    0
SH550    74   -7.10543e-15
SH551     0   -0.337262
SH552   213    0
SH553   194    2.13163e-14
SH554     0   -0.0672782
SH555     0   -0.484456
SH556   212    0
SH557   235    1.50654
;

Slack variable: material.slack = 165394000
Capacity.slack = 59411

:     rawMaterial.slack machineTIme.slack DEMand.slack    :=
1              -2            11860.4             .
2               1             7743.67            .
3              -7             9187.75            .
4              -4            10064.7             .
5              -2             7091.8             .
6              -1             7256.96            .
7              11             8555.17            .
8               1             9448.29            .
9               7             7571.08            .
10              9            10271.6             .
11              5            11741.9             .
12             -8            10731.3             .
13              2            10040.8             .
14             -2            10876.1             .
15             -4            10308.4             .
16              4            11536.3             .
17              2            10982.3             .
18             -1            11167.3             .
19            -16            11363               .
20              4            11940.6             .
21             -2            13068.3             .
22             -2            12975.5             .
23              3            12717.1             .
24             -1            12735.5             .
25              8            12592.2             .
26             -2            12672.9             .
27              6            12505.1             .
28             -5            12687.8             .
29             11            12768.7             .
30              3            13008.9             .
31             -2            12800.2             .
32             -2            11700.6             .
33             -1            12020.4             .
34              1            11975.9             .
35              3            11793.2             .
36              0            11931.5             .
37              3            11780               .
38              3            11820.9             .
39             -2            12558.3             .
40             -3            12878.2             .
41             -4             7736.63            .
42              0             5505.12            .
43              3             5890.23            .
44              3             4083.72            .
45             -3             8661.6             .
46              1             4237.72            .
47              7             8196.19            .
48             -2             3569.23            .
49              0             5922.2             .
50              1             8646.03            .
51              0            12332.3             .
52              1            11301.2             .
53              6            10920.8             .
54             -3            10793.2             .
55              0            10122.1             .
56             -3            11343.3             .
57              0            11373.2             .
58              2            11495.4             .
59              1            11734.9             .
60             -6            11917               .
61             -1             8150.87            .
62             -4             5282.91            .
63             -7             3318.03            .
64              0             4512.41            .
65             -3             6191.36            .
66              4             4936.73            .
67              3             4559.19            .
68             -9             3332.27            .
69              7             5206.77            .
70              0             6018.72            .
71              3             7827.4             .
72              9             8028.05            .
73              2                .               .
74              6                .               .
75              0                .               .
76              1                .               .
77              2                .               .
78              2                .               .
79             -3                .               .
80              6                .               .
81             -7                .               .
82              5                .               .
83              0                .               .
84              5                .               .
85              2                .               .
86              0                .               .
87             -3                .               .
88              2                .               .
89              1                .               .
90             -4                .               .
91              1                .               .
92              1                .               .
93             -6                .               .
94              4                .               .
95              3                .               .
96             -1                .               .
97              1                .               .
98             -2                .               .
99             -7                .               .
100             1                .               .
101            -2                .               .
102             2                .               .
103             6                .               .
104             1                .               .
105             3                .               .
106             7                .               .
107             1                .               .
108             5                .               .
109            -3                .               .
110             7                .               .
111            -1                .               .
112             1                .               .
113            -2                .               .
114            -2                .               .
115             2                .               .
116             3                .               .
117             3                .               .
118            -4                .               .
119             1                .               .
120             3                .               .
121             0                .               .
122             1                .               .
123            -2                .               .
124            -2                .               .
125             0                .               .
126            -1                .               .
127             3                .               .
128            -2                .               .
129             0                .               .
130            -5                .               .
131             0                .               .
132            -1                .               .
133             2                .               .
134            -3                .               .
135             6                .               .
136             1                .               .
137            -1                .               .
138            -1                .               .
139             0                .               .
140            -3                .               .
141             0                .               .
142             3                .               .
143            -5                .               .
144             0                .               .
145             6                .               .
146             2                .               .
147             3                .               .
148            -1                .               .
149            -1                .               .
150             0                .               .
151            -3                .               .
152             1                .               .
153             3                .               .
154             0                .               .
155            -8                .               .
156             2                .               .
157             0                .               .
158            -1                .               .
159             8                .               .
160             4                .               .
161             1                .               .
162            -2                .               .
163             3                .               .
164             0                .               .
165             5                .               .
SH001          .                 .          237.286
SH002          .                 .            0.428571
SH003          .                 .           -0.285714
SH004          .                 .           86.7143
SH005          .                 .            0
SH006          .                 .          185.286
SH007          .                 .          213.143
SH008          .                 .          217
SH009          .                 .            0.142857
SH010          .                 .          197.714
SH011          .                 .           -0.285714
SH012          .                 .            0
SH013          .                 .           -0.285714
SH014          .                 .          127.286
SH015          .                 .          114
SH016          .                 .            0.428571
SH017          .                 .           70.4286
SH018          .                 .           -0.285714
SH019          .                 .            0.285714
SH020          .                 .            0.428571
SH021          .                 .            9
SH022          .                 .          219.714
SH023          .                 .          207.714
SH024          .                 .           -0.428571
SH025          .                 .            0.142857
SH026          .                 .          223.429
SH027          .                 .            0
SH028          .                 .          213.429
SH029          .                 .           -0.428571
SH030          .                 .          230.571
SH031          .                 .            0.285714
SH032          .                 .            0.428571
SH033          .                 .          102.143
SH034          .                 .            0.285714
SH035          .                 .            0.428571
SH036          .                 .          239.143
SH037          .                 .          244.571
SH038          .                 .            0.285714
SH039          .                 .           -0.285714
SH040          .                 .            0.428571
SH041          .                 .            0
SH042          .                 .           -0.428571
SH043          .                 .           -0.285714
SH044          .                 .            0.142857
SH045          .                 .           -0.428571
SH046          .                 .          199
SH047          .                 .            0.285714
SH048          .                 .            0.142857
SH049          .                 .          213.143
SH050          .                 .           -0.285714
SH051          .                 .          191.714
SH052          .                 .          230.286
SH053          .                 .          167.714
SH054          .                 .          235.143
SH055          .                 .            0.142857
SH056          .                 .          205.429
SH057          .                 .            0.428571
SH058          .                 .            0
SH059          .                 .          150.143
SH060          .                 .           41.5714
SH061          .                 .            0
SH062          .                 .            0.142857
SH063          .                 .            0
SH064          .                 .            0.285714
SH065          .                 .          108.714
SH066          .                 .           -0.285714
SH067          .                 .          215.286
SH068          .                 .          108.429
SH069          .                 .          208.286
SH070          .                 .           -0.285714
SH071          .                 .            0.142857
SH072          .                 .            0.142857
SH073          .                 .            0.142857
SH074          .                 .            0.142857
SH075          .                 .          211.429
SH076          .                 .           75.7143
SH077          .                 .           64
SH078          .                 .           -0.428571
SH079          .                 .            0.142857
SH080          .                 .           -0.285714
SH081          .                 .            0.428571
SH082          .                 .           -0.428571
SH083          .                 .          197
SH084          .                 .            0.285714
SH085          .                 .          222.429
SH086          .                 .          217.286
SH087          .                 .            0
SH088          .                 .           -0.285714
SH089          .                 .          129
SH090          .                 .            0.285714
SH091          .                 .           79.2857
SH092          .                 .            0.428571
SH093          .                 .            0
SH094          .                 .            0.428571
SH095          .                 .            0.142857
SH096          .                 .            0.285714
SH097          .                 .          108.714
SH098          .                 .           68.4286
SH099          .                 .          201.286
SH100          .                 .          197.143
SH101          .                 .            0.142857
SH102          .                 .          211.571
SH103          .                 .          211.286
SH104          .                 .          189.429
SH105          .                 .            0
SH106          .                 .           79.7143
SH107          .                 .            0.285714
SH108          .                 .          214.143
SH109          .                 .            0
SH110          .                 .           -0.428571
SH111          .                 .          214.286
SH112          .                 .          149
SH113          .                 .            0.142857
SH114          .                 .            0
SH115          .                 .          174
SH116          .                 .            0.428571
SH117          .                 .            0.428571
SH118          .                 .          159.429
SH119          .                 .           -0.285714
SH120          .                 .           -0.428571
SH121          .                 .            0.142857
SH122          .                 .          263
SH123          .                 .          152.286
SH124          .                 .          246.143
SH125          .                 .          223
SH126          .                 .            0
SH127          .                 .           -0.428571
SH128          .                 .          108.143
SH129          .                 .          129.714
SH130          .                 .           17.4286
SH131          .                 .           -0.428571
SH132          .                 .            0
SH133          .                 .           -0.428571
SH134          .                 .            0.142857
SH135          .                 .          209.286
SH136          .                 .          222.286
SH137          .                 .           47.4286
SH138          .                 .          111.571
SH139          .                 .          222.571
SH140          .                 .           49.2857
SH141          .                 .           96.5714
SH142          .                 .            0.428571
SH143          .                 .          183.571
SH144          .                 .            0.428571
SH145          .                 .          140.143
SH146          .                 .           -0.428571
SH147          .                 .           -0.428571
SH148          .                 .          200.714
SH149          .                 .            0.428571
SH150          .                 .           -0.285714
SH151          .                 .          240.571
SH152          .                 .          235.571
SH153          .                 .           69.1429
SH154          .                 .           -0.428571
SH155          .                 .           38.4286
SH156          .                 .          223.714
SH157          .                 .            0
SH158          .                 .          249.429
SH159          .                 .          136.571
SH160          .                 .           58.2857
SH161          .                 .          235.714
SH162          .                 .          165.286
SH163          .                 .          142.714
SH164          .                 .          221.429
SH165          .                 .            0
SH166          .                 .          117.571
SH167          .                 .          187.286
SH168          .                 .            0.428571
SH169          .                 .          182.143
SH170          .                 .            0.428571
SH171          .                 .          235.143
SH172          .                 .            0.285714
SH173          .                 .           -0.285714
SH174          .                 .          245.286
SH175          .                 .          123.429
SH176          .                 .            0.142857
SH177          .                 .           23.7143
SH178          .                 .            0.285714
SH179          .                 .            0.428571
SH180          .                 .          203.286
SH181          .                 .          189.714
SH182          .                 .          174.714
SH183          .                 .           76.7143
SH184          .                 .          230.714
SH185          .                 .           -0.428571
SH186          .                 .            0.142857
SH187          .                 .           -0.285714
SH188          .                 .           -0.428571
SH189          .                 .           -0.285714
SH190          .                 .           69.1429
SH191          .                 .            0.428571
SH192          .                 .            0.285714
SH193          .                 .           55.7143
SH194          .                 .           -0.428571
SH195          .                 .            0.428571
SH196          .                 .           -0.428571
SH197          .                 .           -0.285714
SH198          .                 .          238
SH199          .                 .            0.428571
SH200          .                 .          210.571
SH201          .                 .            0.142857
SH202          .                 .           13.1429
SH203          .                 .            0.285714
SH204          .                 .          215.286
SH205          .                 .           -0.428571
SH206          .                 .          131.429
SH207          .                 .          161.429
SH208          .                 .          187.286
SH209          .                 .            0.285714
SH210          .                 .           -0.285714
SH211          .                 .            0.428571
SH212          .                 .            4.71429
SH213          .                 .            0.428571
SH214          .                 .            0.285714
SH215          .                 .          196.143
SH216          .                 .           93.4286
SH217          .                 .          104
SH218          .                 .          205.286
SH219          .                 .          230.714
SH220          .                 .          187.571
SH221          .                 .            0.142857
SH222          .                 .          144
SH223          .                 .           -0.428571
SH224          .                 .            0.285714
SH225          .                 .           -0.285714
SH226          .                 .            0.428571
SH227          .                 .            0.285714
SH228          .                 .          241
SH229          .                 .           85.1429
SH230          .                 .            0.428571
SH231          .                 .          202
SH232          .                 .            0.285714
SH233          .                 .            0.285714
SH234          .                 .           -0.428571
SH235          .                 .            0.428571
SH236          .                 .            0.428571
SH237          .                 .            0.285714
SH238          .                 .           -0.285714
SH239          .                 .           47
SH240          .                 .           -0.428571
SH241          .                 .            0.285714
SH242          .                 .           -0.428571
SH243          .                 .          219.143
SH244          .                 .            0.428571
SH245          .                 .          224.429
SH246          .                 .          218.571
SH247          .                 .            0
SH248          .                 .           73.1429
SH249          .                 .           -0.285714
SH250          .                 .          221.286
SH251          .                 .          169
SH252          .                 .          232
SH253          .                 .           -0.428571
SH254          .                 .           -0.285714
SH255          .                 .            0
SH256          .                 .            0.142857
SH257          .                 .          244.286
SH258          .                 .           69.7143
SH259          .                 .          135.714
SH260          .                 .           -0.285714
SH261          .                 .           -0.428571
SH262          .                 .           -0.428571
SH263          .                 .          207
SH264          .                 .            0
SH265          .                 .           -0.428571
SH266          .                 .          198.714
SH267          .                 .            0.428571
SH268          .                 .          237
SH269          .                 .           -0.285714
SH270          .                 .           85.5714
SH271          .                 .           60
SH272          .                 .          202.571
SH273          .                 .            0.285714
SH274          .                 .           -0.285714
SH275          .                 .          202.286
SH276          .                 .           -0.428571
SH277          .                 .            0.428571
SH278          .                 .          169
SH279          .                 .           42
SH280          .                 .          109.143
SH281          .                 .            0.285714
SH282          .                 .           -0.428571
SH283          .                 .            0.285714
SH284          .                 .            0.142857
SH285          .                 .          139.429
SH286          .                 .            0.285714
SH287          .                 .            0.142857
SH288          .                 .           67.5714
SH289          .                 .           -0.285714
SH290          .                 .           -0.428571
SH291          .                 .           29.4286
SH292          .                 .            0
SH293          .                 .          224.143
SH294          .                 .          130.429
SH295          .                 .           -0.285714
SH296          .                 .          200.571
SH297          .                 .           27
SH298          .                 .           71.4286
SH299          .                 .           -0.285714
SH300          .                 .           -0.285714
SH301          .                 .          146.143
SH302          .                 .          213
SH303          .                 .          203.714
SH304          .                 .           42.2857
SH305          .                 .           49.4286
SH306          .                 .          166.714
SH307          .                 .           54.4286
SH308          .                 .            0.428571
SH309          .                 .          210
SH310          .                 .          224
SH311          .                 .           75.5714
SH312          .                 .            0.428571
SH313          .                 .           -0.285714
SH314          .                 .           -0.428571
SH315          .                 .           20.2857
SH316          .                 .           -0.428571
SH317          .                 .            0.428571
SH318          .                 .          235
SH319          .                 .          177
SH320          .                 .            0.142857
SH321          .                 .           75.4286
SH322          .                 .            0.428571
SH323          .                 .          202.571
SH324          .                 .           57.7143
SH325          .                 .           -0.428571
SH326          .                 .            0
SH327          .                 .          208.429
SH328          .                 .            0
SH329          .                 .            0
SH330          .                 .          222.714
SH331          .                 .            0
SH332          .                 .          196.429
SH333          .                 .           70
SH334          .                 .            0.285714
SH335          .                 .           -0.285714
SH336          .                 .           -0.428571
SH337          .                 .          216.571
SH338          .                 .            0.142857
SH339          .                 .          225.143
SH340          .                 .            0.428571
SH341          .                 .           -0.285714
SH342          .                 .            0
SH343          .                 .           78.5714
SH344          .                 .          232.571
SH345          .                 .            0
SH346          .                 .            0
SH347          .                 .            0.428571
SH348          .                 .            0.428571
SH349          .                 .           -0.285714
SH350          .                 .            0.142857
SH351          .                 .            1.57143
SH352          .                 .            0.285714
SH353          .                 .            0.285714
SH354          .                 .          202.143
SH355          .                 .          158
SH356          .                 .            0
SH357          .                 .          112
SH358          .                 .          154.714
SH359          .                 .           43.7143
SH360          .                 .          255.429
SH361          .                 .           -0.285714
SH362          .                 .           -0.285714
SH363          .                 .           -0.428571
SH364          .                 .           -0.428571
SH365          .                 .           -0.285714
SH366          .                 .           44.5714
SH367          .                 .            0.142857
SH368          .                 .          215
SH369          .                 .            0
SH370          .                 .          174
SH371          .                 .            0
SH372          .                 .            0.428571
SH373          .                 .          169.286
SH374          .                 .          195.286
SH375          .                 .            0
SH376          .                 .            0.142857
SH377          .                 .           -0.428571
SH378          .                 .            0.285714
SH379          .                 .           -0.428571
SH380          .                 .           68.7143
SH381          .                 .           -0.285714
SH382          .                 .          239.429
SH383          .                 .           -0.285714
SH384          .                 .            0.285714
SH385          .                 .           38.4286
SH386          .                 .          212.571
SH387          .                 .          215.714
SH388          .                 .           38.5714
SH389          .                 .            1.57143
SH390          .                 .          153
SH391          .                 .           -0.285714
SH392          .                 .          192.143
SH393          .                 .          211.429
SH394          .                 .            0.142857
SH395          .                 .           -0.428571
SH396          .                 .           68
SH397          .                 .          212.143
SH398          .                 .          212.429
SH399          .                 .            0.428571
SH400          .                 .           95
SH401          .                 .          225
SH402          .                 .           -0.285714
SH403          .                 .          214.571
SH404          .                 .          108.286
SH405          .                 .          225.571
SH406          .                 .          157.286
SH407          .                 .           -0.285714
SH408          .                 .          231.143
SH409          .                 .           -0.428571
SH410          .                 .           -0.285714
SH411          .                 .            0.428571
SH412          .                 .           85.7143
SH413          .                 .          221.143
SH414          .                 .          197
SH415          .                 .            0.142857
SH416          .                 .            0.428571
SH417          .                 .            0
SH418          .                 .            0
SH419          .                 .            0.285714
SH420          .                 .           39
SH421          .                 .            0.285714
SH422          .                 .            0.285714
SH423          .                 .            0
SH424          .                 .          132.714
SH425          .                 .            0.285714
SH426          .                 .           24.4286
SH427          .                 .           -0.285714
SH428          .                 .           -0.428571
SH429          .                 .          237.143
SH430          .                 .            0
SH431          .                 .          130.429
SH432          .                 .          239.429
SH433          .                 .          231.714
SH434          .                 .            0.142857
SH435          .                 .            0.142857
SH436          .                 .          216.714
SH437          .                 .          140
SH438          .                 .           73.5714
SH439          .                 .          227.286
SH440          .                 .          243
SH441          .                 .          207.571
SH442          .                 .          129.714
SH443          .                 .          135.571
SH444          .                 .          223.143
SH445          .                 .            0.428571
SH446          .                 .          206.429
SH447          .                 .            0.428571
SH448          .                 .          230.714
SH449          .                 .           -0.428571
SH450          .                 .          215.143
SH451          .                 .           -0.285714
SH452          .                 .          204.286
SH453          .                 .            0.428571
SH454          .                 .          241.571
SH455          .                 .            0.285714
SH456          .                 .            0
SH457          .                 .            8
SH458          .                 .            0.285714
SH459          .                 .            0.428571
SH460          .                 .          186.714
SH461          .                 .          187.143
SH462          .                 .           21.5714
SH463          .                 .           87.7143
SH464          .                 .            0.285714
SH465          .                 .           -0.428571
SH466          .                 .            0.428571
SH467          .                 .           40
SH468          .                 .            0
SH469          .                 .           -0.285714
SH470          .                 .           -0.285714
SH471          .                 .           -0.285714
SH472          .                 .            0.428571
SH473          .                 .           -0.285714
SH474          .                 .            0
SH475          .                 .          191.143
SH476          .                 .            0.428571
SH477          .                 .            0.285714
SH478          .                 .            0.142857
SH479          .                 .            0.142857
SH480          .                 .            0
SH481          .                 .           -0.285714
SH482          .                 .            0.285714
SH483          .                 .            0.285714
SH484          .                 .          148.571
SH485          .                 .          171.286
SH486          .                 .          216.286
SH487          .                 .           43.1429
SH488          .                 .          207.429
SH489          .                 .           -0.285714
SH490          .                 .           -0.428571
SH491          .                 .            0
SH492          .                 .            0
SH493          .                 .          124.143
SH494          .                 .            0
SH495          .                 .           -0.285714
SH496          .                 .            0.428571
SH497          .                 .            0.142857
SH498          .                 .            0.285714
SH499          .                 .            2.14286
SH500          .                 .           -0.285714
SH501          .                 .            0.285714
SH502          .                 .          237
SH503          .                 .           52.2857
SH504          .                 .           82.4286
SH505          .                 .          205.571
SH506          .                 .          183.571
SH507          .                 .           21.1429
SH508          .                 .            0.428571
SH509          .                 .          225.143
SH510          .                 .          216.571
SH511          .                 .            0
SH512          .                 .          180.286
SH513          .                 .           -0.428571
SH514          .                 .            0.428571
SH515          .                 .           67.5714
SH516          .                 .           -0.428571
SH517          .                 .          198.286
SH518          .                 .          105.571
SH519          .                 .          229.714
SH520          .                 .           -0.285714
SH521          .                 .           72.4286
SH522          .                 .           48.2857
SH523          .                 .           83.7143
SH524          .                 .            0.285714
SH525          .                 .            0
SH526          .                 .          218
SH527          .                 .           -0.285714
SH528          .                 .          227.286
SH529          .                 .          200.571
SH530          .                 .          173.143
SH531          .                 .          189.143
SH532          .                 .           -0.285714
SH533          .                 .          227.571
SH534          .                 .            0.142857
SH535          .                 .            0.285714
SH536          .                 .            0.142857
SH537          .                 .            0.285714
SH538          .                 .           90.2857
SH539          .                 .          216.286
SH540          .                 .            0
SH541          .                 .           59
SH542          .                 .           -0.428571
SH543          .                 .           -0.428571
SH544          .                 .           -0.285714
SH545          .                 .          196
SH546          .                 .            0.142857
SH547          .                 .           33
SH548          .                 .          183
SH549          .                 .            0
SH550          .                 .          167.571
SH551          .                 .          213.429
SH552          .                 .           -0.428571
SH553          .                 .           11.7143
SH554          .                 .          204.286
SH555          .                 .          206
SH556          .                 .           -0.428571
SH557          .                 .            0.142857
;

 Constraint material is not violated after rounding. 
  Constraint Capacity is not violated after rounding. 
 Constraint rawMaterial n1 is violated after rounding. 
 Constraint rawMaterial n2 is not violated after rounding. 
 Constraint rawMaterial n3 is violated after rounding. 
 Constraint rawMaterial n4 is violated after rounding. 
 Constraint rawMaterial n5 is violated after rounding. 
 Constraint rawMaterial n6 is violated after rounding. 
 Constraint rawMaterial n7 is not violated after rounding. 
 Constraint rawMaterial n8 is not violated after rounding. 
 Constraint rawMaterial n9 is not violated after rounding. 
 Constraint rawMaterial n10 is not violated after rounding. 
 Constraint rawMaterial n11 is not violated after rounding. 
 Constraint rawMaterial n12 is violated after rounding. 
 Constraint rawMaterial n13 is not violated after rounding. 
 Constraint rawMaterial n14 is violated after rounding. 
 Constraint rawMaterial n15 is violated after rounding. 
 Constraint rawMaterial n16 is not violated after rounding. 
 Constraint rawMaterial n17 is not violated after rounding. 
 Constraint rawMaterial n18 is violated after rounding. 
 Constraint rawMaterial n19 is violated after rounding. 
 Constraint rawMaterial n20 is not violated after rounding. 
 Constraint rawMaterial n21 is violated after rounding. 
 Constraint rawMaterial n22 is violated after rounding. 
 Constraint rawMaterial n23 is not violated after rounding. 
 Constraint rawMaterial n24 is violated after rounding. 
 Constraint rawMaterial n25 is not violated after rounding. 
 Constraint rawMaterial n26 is violated after rounding. 
 Constraint rawMaterial n27 is not violated after rounding. 
 Constraint rawMaterial n28 is violated after rounding. 
 Constraint rawMaterial n29 is not violated after rounding. 
 Constraint rawMaterial n30 is not violated after rounding. 
 Constraint rawMaterial n31 is violated after rounding. 
 Constraint rawMaterial n32 is violated after rounding. 
 Constraint rawMaterial n33 is violated after rounding. 
 Constraint rawMaterial n34 is not violated after rounding. 
 Constraint rawMaterial n35 is not violated after rounding. 
 Constraint rawMaterial n36 is not violated after rounding. 
 Constraint rawMaterial n37 is not violated after rounding. 
 Constraint rawMaterial n38 is not violated after rounding. 
 Constraint rawMaterial n39 is violated after rounding. 
 Constraint rawMaterial n40 is violated after rounding. 
 Constraint rawMaterial n41 is violated after rounding. 
 Constraint rawMaterial n42 is not violated after rounding. 
 Constraint rawMaterial n43 is not violated after rounding. 
 Constraint rawMaterial n44 is not violated after rounding. 
 Constraint rawMaterial n45 is violated after rounding. 
 Constraint rawMaterial n46 is not violated after rounding. 
 Constraint rawMaterial n47 is not violated after rounding. 
 Constraint rawMaterial n48 is violated after rounding. 
 Constraint rawMaterial n49 is not violated after rounding. 
 Constraint rawMaterial n50 is not violated after rounding. 
 Constraint rawMaterial n51 is not violated after rounding. 
 Constraint rawMaterial n52 is not violated after rounding. 
 Constraint rawMaterial n53 is not violated after rounding. 
 Constraint rawMaterial n54 is violated after rounding. 
 Constraint rawMaterial n55 is not violated after rounding. 
 Constraint rawMaterial n56 is violated after rounding. 
 Constraint rawMaterial n57 is not violated after rounding. 
 Constraint rawMaterial n58 is not violated after rounding. 
 Constraint rawMaterial n59 is not violated after rounding. 
 Constraint rawMaterial n60 is violated after rounding. 
 Constraint rawMaterial n61 is violated after rounding. 
 Constraint rawMaterial n62 is violated after rounding. 
 Constraint rawMaterial n63 is violated after rounding. 
 Constraint rawMaterial n64 is not violated after rounding. 
 Constraint rawMaterial n65 is violated after rounding. 
 Constraint rawMaterial n66 is not violated after rounding. 
 Constraint rawMaterial n67 is not violated after rounding. 
 Constraint rawMaterial n68 is violated after rounding. 
 Constraint rawMaterial n69 is not violated after rounding. 
 Constraint rawMaterial n70 is not violated after rounding. 
 Constraint rawMaterial n71 is not violated after rounding. 
 Constraint rawMaterial n72 is not violated after rounding. 
 Constraint rawMaterial n73 is not violated after rounding. 
 Constraint rawMaterial n74 is not violated after rounding. 
 Constraint rawMaterial n75 is not violated after rounding. 
 Constraint rawMaterial n76 is not violated after rounding. 
 Constraint rawMaterial n77 is not violated after rounding. 
 Constraint rawMaterial n78 is not violated after rounding. 
 Constraint rawMaterial n79 is violated after rounding. 
 Constraint rawMaterial n80 is not violated after rounding. 
 Constraint rawMaterial n81 is violated after rounding. 
 Constraint rawMaterial n82 is not violated after rounding. 
 Constraint rawMaterial n83 is not violated after rounding. 
 Constraint rawMaterial n84 is not violated after rounding. 
 Constraint rawMaterial n85 is not violated after rounding. 
 Constraint rawMaterial n86 is not violated after rounding. 
 Constraint rawMaterial n87 is violated after rounding. 
 Constraint rawMaterial n88 is not violated after rounding. 
 Constraint rawMaterial n89 is not violated after rounding. 
 Constraint rawMaterial n90 is violated after rounding. 
 Constraint rawMaterial n91 is not violated after rounding. 
 Constraint rawMaterial n92 is not violated after rounding. 
 Constraint rawMaterial n93 is violated after rounding. 
 Constraint rawMaterial n94 is not violated after rounding. 
 Constraint rawMaterial n95 is not violated after rounding. 
 Constraint rawMaterial n96 is violated after rounding. 
 Constraint rawMaterial n97 is not violated after rounding. 
 Constraint rawMaterial n98 is violated after rounding. 
 Constraint rawMaterial n99 is violated after rounding. 
 Constraint rawMaterial n100 is not violated after rounding. 
 Constraint rawMaterial n101 is violated after rounding. 
 Constraint rawMaterial n102 is not violated after rounding. 
 Constraint rawMaterial n103 is not violated after rounding. 
 Constraint rawMaterial n104 is not violated after rounding. 
 Constraint rawMaterial n105 is not violated after rounding. 
 Constraint rawMaterial n106 is not violated after rounding. 
 Constraint rawMaterial n107 is not violated after rounding. 
 Constraint rawMaterial n108 is not violated after rounding. 
 Constraint rawMaterial n109 is violated after rounding. 
 Constraint rawMaterial n110 is not violated after rounding. 
 Constraint rawMaterial n111 is violated after rounding. 
 Constraint rawMaterial n112 is not violated after rounding. 
 Constraint rawMaterial n113 is violated after rounding. 
 Constraint rawMaterial n114 is violated after rounding. 
 Constraint rawMaterial n115 is not violated after rounding. 
 Constraint rawMaterial n116 is not violated after rounding. 
 Constraint rawMaterial n117 is not violated after rounding. 
 Constraint rawMaterial n118 is violated after rounding. 
 Constraint rawMaterial n119 is not violated after rounding. 
 Constraint rawMaterial n120 is not violated after rounding. 
 Constraint rawMaterial n121 is not violated after rounding. 
 Constraint rawMaterial n122 is not violated after rounding. 
 Constraint rawMaterial n123 is violated after rounding. 
 Constraint rawMaterial n124 is violated after rounding. 
 Constraint rawMaterial n125 is not violated after rounding. 
 Constraint rawMaterial n126 is violated after rounding. 
 Constraint rawMaterial n127 is not violated after rounding. 
 Constraint rawMaterial n128 is violated after rounding. 
 Constraint rawMaterial n129 is not violated after rounding. 
 Constraint rawMaterial n130 is violated after rounding. 
 Constraint rawMaterial n131 is not violated after rounding. 
 Constraint rawMaterial n132 is violated after rounding. 
 Constraint rawMaterial n133 is not violated after rounding. 
 Constraint rawMaterial n134 is violated after rounding. 
 Constraint rawMaterial n135 is not violated after rounding. 
 Constraint rawMaterial n136 is not violated after rounding. 
 Constraint rawMaterial n137 is violated after rounding. 
 Constraint rawMaterial n138 is violated after rounding. 
 Constraint rawMaterial n139 is not violated after rounding. 
 Constraint rawMaterial n140 is violated after rounding. 
 Constraint rawMaterial n141 is not violated after rounding. 
 Constraint rawMaterial n142 is not violated after rounding. 
 Constraint rawMaterial n143 is violated after rounding. 
 Constraint rawMaterial n144 is not violated after rounding. 
 Constraint rawMaterial n145 is not violated after rounding. 
 Constraint rawMaterial n146 is not violated after rounding. 
 Constraint rawMaterial n147 is not violated after rounding. 
 Constraint rawMaterial n148 is violated after rounding. 
 Constraint rawMaterial n149 is violated after rounding. 
 Constraint rawMaterial n150 is not violated after rounding. 
 Constraint rawMaterial n151 is violated after rounding. 
 Constraint rawMaterial n152 is not violated after rounding. 
 Constraint rawMaterial n153 is not violated after rounding. 
 Constraint rawMaterial n154 is not violated after rounding. 
 Constraint rawMaterial n155 is violated after rounding. 
 Constraint rawMaterial n156 is not violated after rounding. 
 Constraint rawMaterial n157 is not violated after rounding. 
 Constraint rawMaterial n158 is violated after rounding. 
 Constraint rawMaterial n159 is not violated after rounding. 
 Constraint rawMaterial n160 is not violated after rounding. 
 Constraint rawMaterial n161 is not violated after rounding. 
 Constraint rawMaterial n162 is violated after rounding. 
 Constraint rawMaterial n163 is not violated after rounding. 
 Constraint rawMaterial n164 is not violated after rounding. 
 Constraint rawMaterial n165 is not violated after rounding. 
 Constraint machineTIme e1 is not violated after rounding. 
 Constraint machineTIme e2 is not violated after rounding. 
 Constraint machineTIme e3 is not violated after rounding. 
 Constraint machineTIme e4 is not violated after rounding. 
 Constraint machineTIme e5 is not violated after rounding. 
 Constraint machineTIme e6 is not violated after rounding. 
 Constraint machineTIme e7 is not violated after rounding. 
 Constraint machineTIme e8 is not violated after rounding. 
 Constraint machineTIme e9 is not violated after rounding. 
 Constraint machineTIme e10 is not violated after rounding. 
 Constraint machineTIme e11 is not violated after rounding. 
 Constraint machineTIme e12 is not violated after rounding. 
 Constraint machineTIme e13 is not violated after rounding. 
 Constraint machineTIme e14 is not violated after rounding. 
 Constraint machineTIme e15 is not violated after rounding. 
 Constraint machineTIme e16 is not violated after rounding. 
 Constraint machineTIme e17 is not violated after rounding. 
 Constraint machineTIme e18 is not violated after rounding. 
 Constraint machineTIme e19 is not violated after rounding. 
 Constraint machineTIme e20 is not violated after rounding. 
 Constraint machineTIme e21 is not violated after rounding. 
 Constraint machineTIme e22 is not violated after rounding. 
 Constraint machineTIme e23 is not violated after rounding. 
 Constraint machineTIme e24 is not violated after rounding. 
 Constraint machineTIme e25 is not violated after rounding. 
 Constraint machineTIme e26 is not violated after rounding. 
 Constraint machineTIme e27 is not violated after rounding. 
 Constraint machineTIme e28 is not violated after rounding. 
 Constraint machineTIme e29 is not violated after rounding. 
 Constraint machineTIme e30 is not violated after rounding. 
 Constraint machineTIme e31 is not violated after rounding. 
 Constraint machineTIme e32 is not violated after rounding. 
 Constraint machineTIme e33 is not violated after rounding. 
 Constraint machineTIme e34 is not violated after rounding. 
 Constraint machineTIme e35 is not violated after rounding. 
 Constraint machineTIme e36 is not violated after rounding. 
 Constraint machineTIme e37 is not violated after rounding. 
 Constraint machineTIme e38 is not violated after rounding. 
 Constraint machineTIme e39 is not violated after rounding. 
 Constraint machineTIme e40 is not violated after rounding. 
 Constraint machineTIme e41 is not violated after rounding. 
 Constraint machineTIme e42 is not violated after rounding. 
 Constraint machineTIme e43 is not violated after rounding. 
 Constraint machineTIme e44 is not violated after rounding. 
 Constraint machineTIme e45 is not violated after rounding. 
 Constraint machineTIme e46 is not violated after rounding. 
 Constraint machineTIme e47 is not violated after rounding. 
 Constraint machineTIme e48 is not violated after rounding. 
 Constraint machineTIme e49 is not violated after rounding. 
 Constraint machineTIme e50 is not violated after rounding. 
 Constraint machineTIme e51 is not violated after rounding. 
 Constraint machineTIme e52 is not violated after rounding. 
 Constraint machineTIme e53 is not violated after rounding. 
 Constraint machineTIme e54 is not violated after rounding. 
 Constraint machineTIme e55 is not violated after rounding. 
 Constraint machineTIme e56 is not violated after rounding. 
 Constraint machineTIme e57 is not violated after rounding. 
 Constraint machineTIme e58 is not violated after rounding. 
 Constraint machineTIme e59 is not violated after rounding. 
 Constraint machineTIme e60 is not violated after rounding. 
 Constraint machineTIme e61 is not violated after rounding. 
 Constraint machineTIme e62 is not violated after rounding. 
 Constraint machineTIme e63 is not violated after rounding. 
 Constraint machineTIme e64 is not violated after rounding. 
 Constraint machineTIme e65 is not violated after rounding. 
 Constraint machineTIme e66 is not violated after rounding. 
 Constraint machineTIme e67 is not violated after rounding. 
 Constraint machineTIme e68 is not violated after rounding. 
 Constraint machineTIme e69 is not violated after rounding. 
 Constraint machineTIme e70 is not violated after rounding. 
 Constraint machineTIme e71 is not violated after rounding. 
 Constraint machineTIme e72 is not violated after rounding. 
 Constraint DEMand [SH001] is not violated after rounding. 
 Constraint DEMand [SH002] is not violated after rounding. 
 Constraint DEMand [SH003] is violated after rounding. 
 Constraint DEMand [SH004] is not violated after rounding. 
 Constraint DEMand [SH005] is not violated after rounding. 
 Constraint DEMand [SH006] is not violated after rounding. 
 Constraint DEMand [SH007] is not violated after rounding. 
 Constraint DEMand [SH008] is not violated after rounding. 
 Constraint DEMand [SH009] is not violated after rounding. 
 Constraint DEMand [SH010] is not violated after rounding. 
 Constraint DEMand [SH011] is violated after rounding. 
 Constraint DEMand [SH012] is not violated after rounding. 
 Constraint DEMand [SH013] is violated after rounding. 
 Constraint DEMand [SH014] is not violated after rounding. 
 Constraint DEMand [SH015] is not violated after rounding. 
 Constraint DEMand [SH016] is not violated after rounding. 
 Constraint DEMand [SH017] is not violated after rounding. 
 Constraint DEMand [SH018] is violated after rounding. 
 Constraint DEMand [SH019] is not violated after rounding. 
 Constraint DEMand [SH020] is not violated after rounding. 
 Constraint DEMand [SH021] is not violated after rounding. 
 Constraint DEMand [SH022] is not violated after rounding. 
 Constraint DEMand [SH023] is not violated after rounding. 
 Constraint DEMand [SH024] is violated after rounding. 
 Constraint DEMand [SH025] is not violated after rounding. 
 Constraint DEMand [SH026] is not violated after rounding. 
 Constraint DEMand [SH027] is not violated after rounding. 
 Constraint DEMand [SH028] is not violated after rounding. 
 Constraint DEMand [SH029] is violated after rounding. 
 Constraint DEMand [SH030] is not violated after rounding. 
 Constraint DEMand [SH031] is not violated after rounding. 
 Constraint DEMand [SH032] is not violated after rounding. 
 Constraint DEMand [SH033] is not violated after rounding. 
 Constraint DEMand [SH034] is not violated after rounding. 
 Constraint DEMand [SH035] is not violated after rounding. 
 Constraint DEMand [SH036] is not violated after rounding. 
 Constraint DEMand [SH037] is not violated after rounding. 
 Constraint DEMand [SH038] is not violated after rounding. 
 Constraint DEMand [SH039] is violated after rounding. 
 Constraint DEMand [SH040] is not violated after rounding. 
 Constraint DEMand [SH041] is not violated after rounding. 
 Constraint DEMand [SH042] is violated after rounding. 
 Constraint DEMand [SH043] is violated after rounding. 
 Constraint DEMand [SH044] is not violated after rounding. 
 Constraint DEMand [SH045] is violated after rounding. 
 Constraint DEMand [SH046] is not violated after rounding. 
 Constraint DEMand [SH047] is not violated after rounding. 
 Constraint DEMand [SH048] is not violated after rounding. 
 Constraint DEMand [SH049] is not violated after rounding. 
 Constraint DEMand [SH050] is violated after rounding. 
 Constraint DEMand [SH051] is not violated after rounding. 
 Constraint DEMand [SH052] is not violated after rounding. 
 Constraint DEMand [SH053] is not violated after rounding. 
 Constraint DEMand [SH054] is not violated after rounding. 
 Constraint DEMand [SH055] is not violated after rounding. 
 Constraint DEMand [SH056] is not violated after rounding. 
 Constraint DEMand [SH057] is not violated after rounding. 
 Constraint DEMand [SH058] is not violated after rounding. 
 Constraint DEMand [SH059] is not violated after rounding. 
 Constraint DEMand [SH060] is not violated after rounding. 
 Constraint DEMand [SH061] is not violated after rounding. 
 Constraint DEMand [SH062] is not violated after rounding. 
 Constraint DEMand [SH063] is not violated after rounding. 
 Constraint DEMand [SH064] is not violated after rounding. 
 Constraint DEMand [SH065] is not violated after rounding. 
 Constraint DEMand [SH066] is violated after rounding. 
 Constraint DEMand [SH067] is not violated after rounding. 
 Constraint DEMand [SH068] is not violated after rounding. 
 Constraint DEMand [SH069] is not violated after rounding. 
 Constraint DEMand [SH070] is violated after rounding. 
 Constraint DEMand [SH071] is not violated after rounding. 
 Constraint DEMand [SH072] is not violated after rounding. 
 Constraint DEMand [SH073] is not violated after rounding. 
 Constraint DEMand [SH074] is not violated after rounding. 
 Constraint DEMand [SH075] is not violated after rounding. 
 Constraint DEMand [SH076] is not violated after rounding. 
 Constraint DEMand [SH077] is not violated after rounding. 
 Constraint DEMand [SH078] is violated after rounding. 
 Constraint DEMand [SH079] is not violated after rounding. 
 Constraint DEMand [SH080] is violated after rounding. 
 Constraint DEMand [SH081] is not violated after rounding. 
 Constraint DEMand [SH082] is violated after rounding. 
 Constraint DEMand [SH083] is not violated after rounding. 
 Constraint DEMand [SH084] is not violated after rounding. 
 Constraint DEMand [SH085] is not violated after rounding. 
 Constraint DEMand [SH086] is not violated after rounding. 
 Constraint DEMand [SH087] is not violated after rounding. 
 Constraint DEMand [SH088] is violated after rounding. 
 Constraint DEMand [SH089] is not violated after rounding. 
 Constraint DEMand [SH090] is not violated after rounding. 
 Constraint DEMand [SH091] is not violated after rounding. 
 Constraint DEMand [SH092] is not violated after rounding. 
 Constraint DEMand [SH093] is not violated after rounding. 
 Constraint DEMand [SH094] is not violated after rounding. 
 Constraint DEMand [SH095] is not violated after rounding. 
 Constraint DEMand [SH096] is not violated after rounding. 
 Constraint DEMand [SH097] is not violated after rounding. 
 Constraint DEMand [SH098] is not violated after rounding. 
 Constraint DEMand [SH099] is not violated after rounding. 
 Constraint DEMand [SH100] is not violated after rounding. 
 Constraint DEMand [SH101] is not violated after rounding. 
 Constraint DEMand [SH102] is not violated after rounding. 
 Constraint DEMand [SH103] is not violated after rounding. 
 Constraint DEMand [SH104] is not violated after rounding. 
 Constraint DEMand [SH105] is not violated after rounding. 
 Constraint DEMand [SH106] is not violated after rounding. 
 Constraint DEMand [SH107] is not violated after rounding. 
 Constraint DEMand [SH108] is not violated after rounding. 
 Constraint DEMand [SH109] is not violated after rounding. 
 Constraint DEMand [SH110] is violated after rounding. 
 Constraint DEMand [SH111] is not violated after rounding. 
 Constraint DEMand [SH112] is not violated after rounding. 
 Constraint DEMand [SH113] is not violated after rounding. 
 Constraint DEMand [SH114] is not violated after rounding. 
 Constraint DEMand [SH115] is not violated after rounding. 
 Constraint DEMand [SH116] is not violated after rounding. 
 Constraint DEMand [SH117] is not violated after rounding. 
 Constraint DEMand [SH118] is not violated after rounding. 
 Constraint DEMand [SH119] is violated after rounding. 
 Constraint DEMand [SH120] is violated after rounding. 
 Constraint DEMand [SH121] is not violated after rounding. 
 Constraint DEMand [SH122] is not violated after rounding. 
 Constraint DEMand [SH123] is not violated after rounding. 
 Constraint DEMand [SH124] is not violated after rounding. 
 Constraint DEMand [SH125] is not violated after rounding. 
 Constraint DEMand [SH126] is not violated after rounding. 
 Constraint DEMand [SH127] is violated after rounding. 
 Constraint DEMand [SH128] is not violated after rounding. 
 Constraint DEMand [SH129] is not violated after rounding. 
 Constraint DEMand [SH130] is not violated after rounding. 
 Constraint DEMand [SH131] is violated after rounding. 
 Constraint DEMand [SH132] is not violated after rounding. 
 Constraint DEMand [SH133] is violated after rounding. 
 Constraint DEMand [SH134] is not violated after rounding. 
 Constraint DEMand [SH135] is not violated after rounding. 
 Constraint DEMand [SH136] is not violated after rounding. 
 Constraint DEMand [SH137] is not violated after rounding. 
 Constraint DEMand [SH138] is not violated after rounding. 
 Constraint DEMand [SH139] is not violated after rounding. 
 Constraint DEMand [SH140] is not violated after rounding. 
 Constraint DEMand [SH141] is not violated after rounding. 
 Constraint DEMand [SH142] is not violated after rounding. 
 Constraint DEMand [SH143] is not violated after rounding. 
 Constraint DEMand [SH144] is not violated after rounding. 
 Constraint DEMand [SH145] is not violated after rounding. 
 Constraint DEMand [SH146] is violated after rounding. 
 Constraint DEMand [SH147] is violated after rounding. 
 Constraint DEMand [SH148] is not violated after rounding. 
 Constraint DEMand [SH149] is not violated after rounding. 
 Constraint DEMand [SH150] is violated after rounding. 
 Constraint DEMand [SH151] is not violated after rounding. 
 Constraint DEMand [SH152] is not violated after rounding. 
 Constraint DEMand [SH153] is not violated after rounding. 
 Constraint DEMand [SH154] is violated after rounding. 
 Constraint DEMand [SH155] is not violated after rounding. 
 Constraint DEMand [SH156] is not violated after rounding. 
 Constraint DEMand [SH157] is not violated after rounding. 
 Constraint DEMand [SH158] is not violated after rounding. 
 Constraint DEMand [SH159] is not violated after rounding. 
 Constraint DEMand [SH160] is not violated after rounding. 
 Constraint DEMand [SH161] is not violated after rounding. 
 Constraint DEMand [SH162] is not violated after rounding. 
 Constraint DEMand [SH163] is not violated after rounding. 
 Constraint DEMand [SH164] is not violated after rounding. 
 Constraint DEMand [SH165] is not violated after rounding. 
 Constraint DEMand [SH166] is not violated after rounding. 
 Constraint DEMand [SH167] is not violated after rounding. 
 Constraint DEMand [SH168] is not violated after rounding. 
 Constraint DEMand [SH169] is not violated after rounding. 
 Constraint DEMand [SH170] is not violated after rounding. 
 Constraint DEMand [SH171] is not violated after rounding. 
 Constraint DEMand [SH172] is not violated after rounding. 
 Constraint DEMand [SH173] is violated after rounding. 
 Constraint DEMand [SH174] is not violated after rounding. 
 Constraint DEMand [SH175] is not violated after rounding. 
 Constraint DEMand [SH176] is not violated after rounding. 
 Constraint DEMand [SH177] is not violated after rounding. 
 Constraint DEMand [SH178] is not violated after rounding. 
 Constraint DEMand [SH179] is not violated after rounding. 
 Constraint DEMand [SH180] is not violated after rounding. 
 Constraint DEMand [SH181] is not violated after rounding. 
 Constraint DEMand [SH182] is not violated after rounding. 
 Constraint DEMand [SH183] is not violated after rounding. 
 Constraint DEMand [SH184] is not violated after rounding. 
 Constraint DEMand [SH185] is violated after rounding. 
 Constraint DEMand [SH186] is not violated after rounding. 
 Constraint DEMand [SH187] is violated after rounding. 
 Constraint DEMand [SH188] is violated after rounding. 
 Constraint DEMand [SH189] is violated after rounding. 
 Constraint DEMand [SH190] is not violated after rounding. 
 Constraint DEMand [SH191] is not violated after rounding. 
 Constraint DEMand [SH192] is not violated after rounding. 
 Constraint DEMand [SH193] is not violated after rounding. 
 Constraint DEMand [SH194] is violated after rounding. 
 Constraint DEMand [SH195] is not violated after rounding. 
 Constraint DEMand [SH196] is violated after rounding. 
 Constraint DEMand [SH197] is violated after rounding. 
 Constraint DEMand [SH198] is not violated after rounding. 
 Constraint DEMand [SH199] is not violated after rounding. 
 Constraint DEMand [SH200] is not violated after rounding. 
 Constraint DEMand [SH201] is not violated after rounding. 
 Constraint DEMand [SH202] is not violated after rounding. 
 Constraint DEMand [SH203] is not violated after rounding. 
 Constraint DEMand [SH204] is not violated after rounding. 
 Constraint DEMand [SH205] is violated after rounding. 
 Constraint DEMand [SH206] is not violated after rounding. 
 Constraint DEMand [SH207] is not violated after rounding. 
 Constraint DEMand [SH208] is not violated after rounding. 
 Constraint DEMand [SH209] is not violated after rounding. 
 Constraint DEMand [SH210] is violated after rounding. 
 Constraint DEMand [SH211] is not violated after rounding. 
 Constraint DEMand [SH212] is not violated after rounding. 
 Constraint DEMand [SH213] is not violated after rounding. 
 Constraint DEMand [SH214] is not violated after rounding. 
 Constraint DEMand [SH215] is not violated after rounding. 
 Constraint DEMand [SH216] is not violated after rounding. 
 Constraint DEMand [SH217] is not violated after rounding. 
 Constraint DEMand [SH218] is not violated after rounding. 
 Constraint DEMand [SH219] is not violated after rounding. 
 Constraint DEMand [SH220] is not violated after rounding. 
 Constraint DEMand [SH221] is not violated after rounding. 
 Constraint DEMand [SH222] is not violated after rounding. 
 Constraint DEMand [SH223] is violated after rounding. 
 Constraint DEMand [SH224] is not violated after rounding. 
 Constraint DEMand [SH225] is violated after rounding. 
 Constraint DEMand [SH226] is not violated after rounding. 
 Constraint DEMand [SH227] is not violated after rounding. 
 Constraint DEMand [SH228] is not violated after rounding. 
 Constraint DEMand [SH229] is not violated after rounding. 
 Constraint DEMand [SH230] is not violated after rounding. 
 Constraint DEMand [SH231] is not violated after rounding. 
 Constraint DEMand [SH232] is not violated after rounding. 
 Constraint DEMand [SH233] is not violated after rounding. 
 Constraint DEMand [SH234] is violated after rounding. 
 Constraint DEMand [SH235] is not violated after rounding. 
 Constraint DEMand [SH236] is not violated after rounding. 
 Constraint DEMand [SH237] is not violated after rounding. 
 Constraint DEMand [SH238] is violated after rounding. 
 Constraint DEMand [SH239] is not violated after rounding. 
 Constraint DEMand [SH240] is violated after rounding. 
 Constraint DEMand [SH241] is not violated after rounding. 
 Constraint DEMand [SH242] is violated after rounding. 
 Constraint DEMand [SH243] is not violated after rounding. 
 Constraint DEMand [SH244] is not violated after rounding. 
 Constraint DEMand [SH245] is not violated after rounding. 
 Constraint DEMand [SH246] is not violated after rounding. 
 Constraint DEMand [SH247] is not violated after rounding. 
 Constraint DEMand [SH248] is not violated after rounding. 
 Constraint DEMand [SH249] is violated after rounding. 
 Constraint DEMand [SH250] is not violated after rounding. 
 Constraint DEMand [SH251] is not violated after rounding. 
 Constraint DEMand [SH252] is not violated after rounding. 
 Constraint DEMand [SH253] is violated after rounding. 
 Constraint DEMand [SH254] is violated after rounding. 
 Constraint DEMand [SH255] is not violated after rounding. 
 Constraint DEMand [SH256] is not violated after rounding. 
 Constraint DEMand [SH257] is not violated after rounding. 
 Constraint DEMand [SH258] is not violated after rounding. 
 Constraint DEMand [SH259] is not violated after rounding. 
 Constraint DEMand [SH260] is violated after rounding. 
 Constraint DEMand [SH261] is violated after rounding. 
 Constraint DEMand [SH262] is violated after rounding. 
 Constraint DEMand [SH263] is not violated after rounding. 
 Constraint DEMand [SH264] is not violated after rounding. 
 Constraint DEMand [SH265] is violated after rounding. 
 Constraint DEMand [SH266] is not violated after rounding. 
 Constraint DEMand [SH267] is not violated after rounding. 
 Constraint DEMand [SH268] is not violated after rounding. 
 Constraint DEMand [SH269] is violated after rounding. 
 Constraint DEMand [SH270] is not violated after rounding. 
 Constraint DEMand [SH271] is not violated after rounding. 
 Constraint DEMand [SH272] is not violated after rounding. 
 Constraint DEMand [SH273] is not violated after rounding. 
 Constraint DEMand [SH274] is violated after rounding. 
 Constraint DEMand [SH275] is not violated after rounding. 
 Constraint DEMand [SH276] is violated after rounding. 
 Constraint DEMand [SH277] is not violated after rounding. 
 Constraint DEMand [SH278] is not violated after rounding. 
 Constraint DEMand [SH279] is not violated after rounding. 
 Constraint DEMand [SH280] is not violated after rounding. 
 Constraint DEMand [SH281] is not violated after rounding. 
 Constraint DEMand [SH282] is violated after rounding. 
 Constraint DEMand [SH283] is not violated after rounding. 
 Constraint DEMand [SH284] is not violated after rounding. 
 Constraint DEMand [SH285] is not violated after rounding. 
 Constraint DEMand [SH286] is not violated after rounding. 
 Constraint DEMand [SH287] is not violated after rounding. 
 Constraint DEMand [SH288] is not violated after rounding. 
 Constraint DEMand [SH289] is violated after rounding. 
 Constraint DEMand [SH290] is violated after rounding. 
 Constraint DEMand [SH291] is not violated after rounding. 
 Constraint DEMand [SH292] is not violated after rounding. 
 Constraint DEMand [SH293] is not violated after rounding. 
 Constraint DEMand [SH294] is not violated after rounding. 
 Constraint DEMand [SH295] is violated after rounding. 
 Constraint DEMand [SH296] is not violated after rounding. 
 Constraint DEMand [SH297] is not violated after rounding. 
 Constraint DEMand [SH298] is not violated after rounding. 
 Constraint DEMand [SH299] is violated after rounding. 
 Constraint DEMand [SH300] is violated after rounding. 
 Constraint DEMand [SH301] is not violated after rounding. 
 Constraint DEMand [SH302] is not violated after rounding. 
 Constraint DEMand [SH303] is not violated after rounding. 
 Constraint DEMand [SH304] is not violated after rounding. 
 Constraint DEMand [SH305] is not violated after rounding. 
 Constraint DEMand [SH306] is not violated after rounding. 
 Constraint DEMand [SH307] is not violated after rounding. 
 Constraint DEMand [SH308] is not violated after rounding. 
 Constraint DEMand [SH309] is not violated after rounding. 
 Constraint DEMand [SH310] is not violated after rounding. 
 Constraint DEMand [SH311] is not violated after rounding. 
 Constraint DEMand [SH312] is not violated after rounding. 
 Constraint DEMand [SH313] is violated after rounding. 
 Constraint DEMand [SH314] is violated after rounding. 
 Constraint DEMand [SH315] is not violated after rounding. 
 Constraint DEMand [SH316] is violated after rounding. 
 Constraint DEMand [SH317] is not violated after rounding. 
 Constraint DEMand [SH318] is not violated after rounding. 
 Constraint DEMand [SH319] is not violated after rounding. 
 Constraint DEMand [SH320] is not violated after rounding. 
 Constraint DEMand [SH321] is not violated after rounding. 
 Constraint DEMand [SH322] is not violated after rounding. 
 Constraint DEMand [SH323] is not violated after rounding. 
 Constraint DEMand [SH324] is not violated after rounding. 
 Constraint DEMand [SH325] is violated after rounding. 
 Constraint DEMand [SH326] is not violated after rounding. 
 Constraint DEMand [SH327] is not violated after rounding. 
 Constraint DEMand [SH328] is not violated after rounding. 
 Constraint DEMand [SH329] is not violated after rounding. 
 Constraint DEMand [SH330] is not violated after rounding. 
 Constraint DEMand [SH331] is not violated after rounding. 
 Constraint DEMand [SH332] is not violated after rounding. 
 Constraint DEMand [SH333] is not violated after rounding. 
 Constraint DEMand [SH334] is not violated after rounding. 
 Constraint DEMand [SH335] is violated after rounding. 
 Constraint DEMand [SH336] is violated after rounding. 
 Constraint DEMand [SH337] is not violated after rounding. 
 Constraint DEMand [SH338] is not violated after rounding. 
 Constraint DEMand [SH339] is not violated after rounding. 
 Constraint DEMand [SH340] is not violated after rounding. 
 Constraint DEMand [SH341] is violated after rounding. 
 Constraint DEMand [SH342] is not violated after rounding. 
 Constraint DEMand [SH343] is not violated after rounding. 
 Constraint DEMand [SH344] is not violated after rounding. 
 Constraint DEMand [SH345] is not violated after rounding. 
 Constraint DEMand [SH346] is not violated after rounding. 
 Constraint DEMand [SH347] is not violated after rounding. 
 Constraint DEMand [SH348] is not violated after rounding. 
 Constraint DEMand [SH349] is violated after rounding. 
 Constraint DEMand [SH350] is not violated after rounding. 
 Constraint DEMand [SH351] is not violated after rounding. 
 Constraint DEMand [SH352] is not violated after rounding. 
 Constraint DEMand [SH353] is not violated after rounding. 
 Constraint DEMand [SH354] is not violated after rounding. 
 Constraint DEMand [SH355] is not violated after rounding. 
 Constraint DEMand [SH356] is not violated after rounding. 
 Constraint DEMand [SH357] is not violated after rounding. 
 Constraint DEMand [SH358] is not violated after rounding. 
 Constraint DEMand [SH359] is not violated after rounding. 
 Constraint DEMand [SH360] is not violated after rounding. 
 Constraint DEMand [SH361] is violated after rounding. 
 Constraint DEMand [SH362] is violated after rounding. 
 Constraint DEMand [SH363] is violated after rounding. 
 Constraint DEMand [SH364] is violated after rounding. 
 Constraint DEMand [SH365] is violated after rounding. 
 Constraint DEMand [SH366] is not violated after rounding. 
 Constraint DEMand [SH367] is not violated after rounding. 
 Constraint DEMand [SH368] is not violated after rounding. 
 Constraint DEMand [SH369] is not violated after rounding. 
 Constraint DEMand [SH370] is not violated after rounding. 
 Constraint DEMand [SH371] is not violated after rounding. 
 Constraint DEMand [SH372] is not violated after rounding. 
 Constraint DEMand [SH373] is not violated after rounding. 
 Constraint DEMand [SH374] is not violated after rounding. 
 Constraint DEMand [SH375] is not violated after rounding. 
 Constraint DEMand [SH376] is not violated after rounding. 
 Constraint DEMand [SH377] is violated after rounding. 
 Constraint DEMand [SH378] is not violated after rounding. 
 Constraint DEMand [SH379] is violated after rounding. 
 Constraint DEMand [SH380] is not violated after rounding. 
 Constraint DEMand [SH381] is violated after rounding. 
 Constraint DEMand [SH382] is not violated after rounding. 
 Constraint DEMand [SH383] is violated after rounding. 
 Constraint DEMand [SH384] is not violated after rounding. 
 Constraint DEMand [SH385] is not violated after rounding. 
 Constraint DEMand [SH386] is not violated after rounding. 
 Constraint DEMand [SH387] is not violated after rounding. 
 Constraint DEMand [SH388] is not violated after rounding. 
 Constraint DEMand [SH389] is not violated after rounding. 
 Constraint DEMand [SH390] is not violated after rounding. 
 Constraint DEMand [SH391] is violated after rounding. 
 Constraint DEMand [SH392] is not violated after rounding. 
 Constraint DEMand [SH393] is not violated after rounding. 
 Constraint DEMand [SH394] is not violated after rounding. 
 Constraint DEMand [SH395] is violated after rounding. 
 Constraint DEMand [SH396] is not violated after rounding. 
 Constraint DEMand [SH397] is not violated after rounding. 
 Constraint DEMand [SH398] is not violated after rounding. 
 Constraint DEMand [SH399] is not violated after rounding. 
 Constraint DEMand [SH400] is not violated after rounding. 
 Constraint DEMand [SH401] is not violated after rounding. 
 Constraint DEMand [SH402] is violated after rounding. 
 Constraint DEMand [SH403] is not violated after rounding. 
 Constraint DEMand [SH404] is not violated after rounding. 
 Constraint DEMand [SH405] is not violated after rounding. 
 Constraint DEMand [SH406] is not violated after rounding. 
 Constraint DEMand [SH407] is violated after rounding. 
 Constraint DEMand [SH408] is not violated after rounding. 
 Constraint DEMand [SH409] is violated after rounding. 
 Constraint DEMand [SH410] is violated after rounding. 
 Constraint DEMand [SH411] is not violated after rounding. 
 Constraint DEMand [SH412] is not violated after rounding. 
 Constraint DEMand [SH413] is not violated after rounding. 
 Constraint DEMand [SH414] is not violated after rounding. 
 Constraint DEMand [SH415] is not violated after rounding. 
 Constraint DEMand [SH416] is not violated after rounding. 
 Constraint DEMand [SH417] is not violated after rounding. 
 Constraint DEMand [SH418] is not violated after rounding. 
 Constraint DEMand [SH419] is not violated after rounding. 
 Constraint DEMand [SH420] is not violated after rounding. 
 Constraint DEMand [SH421] is not violated after rounding. 
 Constraint DEMand [SH422] is not violated after rounding. 
 Constraint DEMand [SH423] is not violated after rounding. 
 Constraint DEMand [SH424] is not violated after rounding. 
 Constraint DEMand [SH425] is not violated after rounding. 
 Constraint DEMand [SH426] is not violated after rounding. 
 Constraint DEMand [SH427] is violated after rounding. 
 Constraint DEMand [SH428] is violated after rounding. 
 Constraint DEMand [SH429] is not violated after rounding. 
 Constraint DEMand [SH430] is not violated after rounding. 
 Constraint DEMand [SH431] is not violated after rounding. 
 Constraint DEMand [SH432] is not violated after rounding. 
 Constraint DEMand [SH433] is not violated after rounding. 
 Constraint DEMand [SH434] is not violated after rounding. 
 Constraint DEMand [SH435] is not violated after rounding. 
 Constraint DEMand [SH436] is not violated after rounding. 
 Constraint DEMand [SH437] is not violated after rounding. 
 Constraint DEMand [SH438] is not violated after rounding. 
 Constraint DEMand [SH439] is not violated after rounding. 
 Constraint DEMand [SH440] is not violated after rounding. 
 Constraint DEMand [SH441] is not violated after rounding. 
 Constraint DEMand [SH442] is not violated after rounding. 
 Constraint DEMand [SH443] is not violated after rounding. 
 Constraint DEMand [SH444] is not violated after rounding. 
 Constraint DEMand [SH445] is not violated after rounding. 
 Constraint DEMand [SH446] is not violated after rounding. 
 Constraint DEMand [SH447] is not violated after rounding. 
 Constraint DEMand [SH448] is not violated after rounding. 
 Constraint DEMand [SH449] is violated after rounding. 
 Constraint DEMand [SH450] is not violated after rounding. 
 Constraint DEMand [SH451] is violated after rounding. 
 Constraint DEMand [SH452] is not violated after rounding. 
 Constraint DEMand [SH453] is not violated after rounding. 
 Constraint DEMand [SH454] is not violated after rounding. 
 Constraint DEMand [SH455] is not violated after rounding. 
 Constraint DEMand [SH456] is not violated after rounding. 
 Constraint DEMand [SH457] is not violated after rounding. 
 Constraint DEMand [SH458] is not violated after rounding. 
 Constraint DEMand [SH459] is not violated after rounding. 
 Constraint DEMand [SH460] is not violated after rounding. 
 Constraint DEMand [SH461] is not violated after rounding. 
 Constraint DEMand [SH462] is not violated after rounding. 
 Constraint DEMand [SH463] is not violated after rounding. 
 Constraint DEMand [SH464] is not violated after rounding. 
 Constraint DEMand [SH465] is violated after rounding. 
 Constraint DEMand [SH466] is not violated after rounding. 
 Constraint DEMand [SH467] is not violated after rounding. 
 Constraint DEMand [SH468] is not violated after rounding. 
 Constraint DEMand [SH469] is violated after rounding. 
 Constraint DEMand [SH470] is violated after rounding. 
 Constraint DEMand [SH471] is violated after rounding. 
 Constraint DEMand [SH472] is not violated after rounding. 
 Constraint DEMand [SH473] is violated after rounding. 
 Constraint DEMand [SH474] is not violated after rounding. 
 Constraint DEMand [SH475] is not violated after rounding. 
 Constraint DEMand [SH476] is not violated after rounding. 
 Constraint DEMand [SH477] is not violated after rounding. 
 Constraint DEMand [SH478] is not violated after rounding. 
 Constraint DEMand [SH479] is not violated after rounding. 
 Constraint DEMand [SH480] is not violated after rounding. 
 Constraint DEMand [SH481] is violated after rounding. 
 Constraint DEMand [SH482] is not violated after rounding. 
 Constraint DEMand [SH483] is not violated after rounding. 
 Constraint DEMand [SH484] is not violated after rounding. 
 Constraint DEMand [SH485] is not violated after rounding. 
 Constraint DEMand [SH486] is not violated after rounding. 
 Constraint DEMand [SH487] is not violated after rounding. 
 Constraint DEMand [SH488] is not violated after rounding. 
 Constraint DEMand [SH489] is violated after rounding. 
 Constraint DEMand [SH490] is violated after rounding. 
 Constraint DEMand [SH491] is not violated after rounding. 
 Constraint DEMand [SH492] is not violated after rounding. 
 Constraint DEMand [SH493] is not violated after rounding. 
 Constraint DEMand [SH494] is not violated after rounding. 
 Constraint DEMand [SH495] is violated after rounding. 
 Constraint DEMand [SH496] is not violated after rounding. 
 Constraint DEMand [SH497] is not violated after rounding. 
 Constraint DEMand [SH498] is not violated after rounding. 
 Constraint DEMand [SH499] is not violated after rounding. 
 Constraint DEMand [SH500] is violated after rounding. 
 Constraint DEMand [SH501] is not violated after rounding. 
 Constraint DEMand [SH502] is not violated after rounding. 
 Constraint DEMand [SH503] is not violated after rounding. 
 Constraint DEMand [SH504] is not violated after rounding. 
 Constraint DEMand [SH505] is not violated after rounding. 
 Constraint DEMand [SH506] is not violated after rounding. 
 Constraint DEMand [SH507] is not violated after rounding. 
 Constraint DEMand [SH508] is not violated after rounding. 
 Constraint DEMand [SH509] is not violated after rounding. 
 Constraint DEMand [SH510] is not violated after rounding. 
 Constraint DEMand [SH511] is not violated after rounding. 
 Constraint DEMand [SH512] is not violated after rounding. 
 Constraint DEMand [SH513] is violated after rounding. 
 Constraint DEMand [SH514] is not violated after rounding. 
 Constraint DEMand [SH515] is not violated after rounding. 
 Constraint DEMand [SH516] is violated after rounding. 
 Constraint DEMand [SH517] is not violated after rounding. 
 Constraint DEMand [SH518] is not violated after rounding. 
 Constraint DEMand [SH519] is not violated after rounding. 
 Constraint DEMand [SH520] is violated after rounding. 
 Constraint DEMand [SH521] is not violated after rounding. 
 Constraint DEMand [SH522] is not violated after rounding. 
 Constraint DEMand [SH523] is not violated after rounding. 
 Constraint DEMand [SH524] is not violated after rounding. 
 Constraint DEMand [SH525] is not violated after rounding. 
 Constraint DEMand [SH526] is not violated after rounding. 
 Constraint DEMand [SH527] is violated after rounding. 
 Constraint DEMand [SH528] is not violated after rounding. 
 Constraint DEMand [SH529] is not violated after rounding. 
 Constraint DEMand [SH530] is not violated after rounding. 
 Constraint DEMand [SH531] is not violated after rounding. 
 Constraint DEMand [SH532] is violated after rounding. 
 Constraint DEMand [SH533] is not violated after rounding. 
 Constraint DEMand [SH534] is not violated after rounding. 
 Constraint DEMand [SH535] is not violated after rounding. 
 Constraint DEMand [SH536] is not violated after rounding. 
 Constraint DEMand [SH537] is not violated after rounding. 
 Constraint DEMand [SH538] is not violated after rounding. 
 Constraint DEMand [SH539] is not violated after rounding. 
 Constraint DEMand [SH540] is not violated after rounding. 
 Constraint DEMand [SH541] is not violated after rounding. 
 Constraint DEMand [SH542] is violated after rounding. 
 Constraint DEMand [SH543] is violated after rounding. 
 Constraint DEMand [SH544] is violated after rounding. 
 Constraint DEMand [SH545] is not violated after rounding. 
 Constraint DEMand [SH546] is not violated after rounding. 
 Constraint DEMand [SH547] is not violated after rounding. 
 Constraint DEMand [SH548] is not violated after rounding. 
 Constraint DEMand [SH549] is not violated after rounding. 
 Constraint DEMand [SH550] is not violated after rounding. 
 Constraint DEMand [SH551] is not violated after rounding. 
 Constraint DEMand [SH552] is violated after rounding. 
 Constraint DEMand [SH553] is not violated after rounding. 
 Constraint DEMand [SH554] is not violated after rounding. 
 Constraint DEMand [SH555] is not violated after rounding. 
 Constraint DEMand [SH556] is violated after rounding. 
 Constraint DEMand [SH557] is not violated after rounding. 
Constraint material is not binding.
Constraint Capacity is not binding.
Constraint rawMaterial n1 is not binding.
Constraint rawMaterial n2 is not binding.
Constraint rawMaterial n3 is not binding.
Constraint rawMaterial n4 is not binding.
Constraint rawMaterial n5 is not binding.
Constraint rawMaterial n6 is not binding.
Constraint rawMaterial n7 is not binding.
Constraint rawMaterial n8 is not binding.
Constraint rawMaterial n9 is not binding.
Constraint rawMaterial n10 is not binding.
Constraint rawMaterial n11 is not binding.
Constraint rawMaterial n12 is not binding.
Constraint rawMaterial n13 is not binding.
Constraint rawMaterial n14 is not binding.
Constraint rawMaterial n15 is not binding.
Constraint rawMaterial n16 is not binding.
Constraint rawMaterial n17 is not binding.
Constraint rawMaterial n18 is not binding.
Constraint rawMaterial n19 is not binding.
Constraint rawMaterial n20 is not binding.
Constraint rawMaterial n21 is not binding.
Constraint rawMaterial n22 is not binding.
Constraint rawMaterial n23 is not binding.
Constraint rawMaterial n24 is not binding.
Constraint rawMaterial n25 is not binding.
Constraint rawMaterial n26 is not binding.
Constraint rawMaterial n27 is not binding.
Constraint rawMaterial n28 is not binding.
Constraint rawMaterial n29 is not binding.
Constraint rawMaterial n30 is not binding.
Constraint rawMaterial n31 is not binding.
Constraint rawMaterial n32 is not binding.
Constraint rawMaterial n33 is not binding.
Constraint rawMaterial n34 is not binding.
Constraint rawMaterial n35 is not binding.
Constraint rawMaterial n36 is binding.
Constraint rawMaterial n37 is not binding.
Constraint rawMaterial n38 is not binding.
Constraint rawMaterial n39 is not binding.
Constraint rawMaterial n40 is not binding.
Constraint rawMaterial n41 is not binding.
Constraint rawMaterial n42 is binding.
Constraint rawMaterial n43 is not binding.
Constraint rawMaterial n44 is not binding.
Constraint rawMaterial n45 is not binding.
Constraint rawMaterial n46 is not binding.
Constraint rawMaterial n47 is not binding.
Constraint rawMaterial n48 is not binding.
Constraint rawMaterial n49 is binding.
Constraint rawMaterial n50 is not binding.
Constraint rawMaterial n51 is binding.
Constraint rawMaterial n52 is not binding.
Constraint rawMaterial n53 is not binding.
Constraint rawMaterial n54 is not binding.
Constraint rawMaterial n55 is binding.
Constraint rawMaterial n56 is not binding.
Constraint rawMaterial n57 is binding.
Constraint rawMaterial n58 is not binding.
Constraint rawMaterial n59 is not binding.
Constraint rawMaterial n60 is not binding.
Constraint rawMaterial n61 is not binding.
Constraint rawMaterial n62 is not binding.
Constraint rawMaterial n63 is not binding.
Constraint rawMaterial n64 is binding.
Constraint rawMaterial n65 is not binding.
Constraint rawMaterial n66 is not binding.
Constraint rawMaterial n67 is not binding.
Constraint rawMaterial n68 is not binding.
Constraint rawMaterial n69 is not binding.
Constraint rawMaterial n70 is binding.
Constraint rawMaterial n71 is not binding.
Constraint rawMaterial n72 is not binding.
Constraint rawMaterial n73 is not binding.
Constraint rawMaterial n74 is not binding.
Constraint rawMaterial n75 is binding.
Constraint rawMaterial n76 is not binding.
Constraint rawMaterial n77 is not binding.
Constraint rawMaterial n78 is not binding.
Constraint rawMaterial n79 is not binding.
Constraint rawMaterial n80 is not binding.
Constraint rawMaterial n81 is not binding.
Constraint rawMaterial n82 is not binding.
Constraint rawMaterial n83 is binding.
Constraint rawMaterial n84 is not binding.
Constraint rawMaterial n85 is not binding.
Constraint rawMaterial n86 is binding.
Constraint rawMaterial n87 is not binding.
Constraint rawMaterial n88 is not binding.
Constraint rawMaterial n89 is not binding.
Constraint rawMaterial n90 is not binding.
Constraint rawMaterial n91 is not binding.
Constraint rawMaterial n92 is not binding.
Constraint rawMaterial n93 is not binding.
Constraint rawMaterial n94 is not binding.
Constraint rawMaterial n95 is not binding.
Constraint rawMaterial n96 is not binding.
Constraint rawMaterial n97 is not binding.
Constraint rawMaterial n98 is not binding.
Constraint rawMaterial n99 is not binding.
Constraint rawMaterial n100 is not binding.
Constraint rawMaterial n101 is not binding.
Constraint rawMaterial n102 is not binding.
Constraint rawMaterial n103 is not binding.
Constraint rawMaterial n104 is not binding.
Constraint rawMaterial n105 is not binding.
Constraint rawMaterial n106 is not binding.
Constraint rawMaterial n107 is not binding.
Constraint rawMaterial n108 is not binding.
Constraint rawMaterial n109 is not binding.
Constraint rawMaterial n110 is not binding.
Constraint rawMaterial n111 is not binding.
Constraint rawMaterial n112 is not binding.
Constraint rawMaterial n113 is not binding.
Constraint rawMaterial n114 is not binding.
Constraint rawMaterial n115 is not binding.
Constraint rawMaterial n116 is not binding.
Constraint rawMaterial n117 is not binding.
Constraint rawMaterial n118 is not binding.
Constraint rawMaterial n119 is not binding.
Constraint rawMaterial n120 is not binding.
Constraint rawMaterial n121 is binding.
Constraint rawMaterial n122 is not binding.
Constraint rawMaterial n123 is not binding.
Constraint rawMaterial n124 is not binding.
Constraint rawMaterial n125 is binding.
Constraint rawMaterial n126 is not binding.
Constraint rawMaterial n127 is not binding.
Constraint rawMaterial n128 is not binding.
Constraint rawMaterial n129 is binding.
Constraint rawMaterial n130 is not binding.
Constraint rawMaterial n131 is binding.
Constraint rawMaterial n132 is not binding.
Constraint rawMaterial n133 is not binding.
Constraint rawMaterial n134 is not binding.
Constraint rawMaterial n135 is not binding.
Constraint rawMaterial n136 is not binding.
Constraint rawMaterial n137 is not binding.
Constraint rawMaterial n138 is not binding.
Constraint rawMaterial n139 is binding.
Constraint rawMaterial n140 is not binding.
Constraint rawMaterial n141 is binding.
Constraint rawMaterial n142 is not binding.
Constraint rawMaterial n143 is not binding.
Constraint rawMaterial n144 is binding.
Constraint rawMaterial n145 is not binding.
Constraint rawMaterial n146 is not binding.
Constraint rawMaterial n147 is not binding.
Constraint rawMaterial n148 is not binding.
Constraint rawMaterial n149 is not binding.
Constraint rawMaterial n150 is binding.
Constraint rawMaterial n151 is not binding.
Constraint rawMaterial n152 is not binding.
Constraint rawMaterial n153 is not binding.
Constraint rawMaterial n154 is binding.
Constraint rawMaterial n155 is not binding.
Constraint rawMaterial n156 is not binding.
Constraint rawMaterial n157 is binding.
Constraint rawMaterial n158 is not binding.
Constraint rawMaterial n159 is not binding.
Constraint rawMaterial n160 is not binding.
Constraint rawMaterial n161 is not binding.
Constraint rawMaterial n162 is not binding.
Constraint rawMaterial n163 is not binding.
Constraint rawMaterial n164 is binding.
Constraint rawMaterial n165 is not binding.
Constraint machineTIme e1 is not binding.
Constraint machineTIme e2 is not binding.
Constraint machineTIme e3 is not binding.
Constraint machineTIme e4 is not binding.
Constraint machineTIme e5 is not binding.
Constraint machineTIme e6 is not binding.
Constraint machineTIme e7 is not binding.
Constraint machineTIme e8 is not binding.
Constraint machineTIme e9 is not binding.
Constraint machineTIme e10 is not binding.
Constraint machineTIme e11 is not binding.
Constraint machineTIme e12 is not binding.
Constraint machineTIme e13 is not binding.
Constraint machineTIme e14 is not binding.
Constraint machineTIme e15 is not binding.
Constraint machineTIme e16 is not binding.
Constraint machineTIme e17 is not binding.
Constraint machineTIme e18 is not binding.
Constraint machineTIme e19 is not binding.
Constraint machineTIme e20 is not binding.
Constraint machineTIme e21 is not binding.
Constraint machineTIme e22 is not binding.
Constraint machineTIme e23 is not binding.
Constraint machineTIme e24 is not binding.
Constraint machineTIme e25 is not binding.
Constraint machineTIme e26 is not binding.
Constraint machineTIme e27 is not binding.
Constraint machineTIme e28 is not binding.
Constraint machineTIme e29 is not binding.
Constraint machineTIme e30 is not binding.
Constraint machineTIme e31 is not binding.
Constraint machineTIme e32 is not binding.
Constraint machineTIme e33 is not binding.
Constraint machineTIme e34 is not binding.
Constraint machineTIme e35 is not binding.
Constraint machineTIme e36 is not binding.
Constraint machineTIme e37 is not binding.
Constraint machineTIme e38 is not binding.
Constraint machineTIme e39 is not binding.
Constraint machineTIme e40 is not binding.
Constraint machineTIme e41 is not binding.
Constraint machineTIme e42 is not binding.
Constraint machineTIme e43 is not binding.
Constraint machineTIme e44 is not binding.
Constraint machineTIme e45 is not binding.
Constraint machineTIme e46 is not binding.
Constraint machineTIme e47 is not binding.
Constraint machineTIme e48 is not binding.
Constraint machineTIme e49 is not binding.
Constraint machineTIme e50 is not binding.
Constraint machineTIme e51 is not binding.
Constraint machineTIme e52 is not binding.
Constraint machineTIme e53 is not binding.
Constraint machineTIme e54 is not binding.
Constraint machineTIme e55 is not binding.
Constraint machineTIme e56 is not binding.
Constraint machineTIme e57 is not binding.
Constraint machineTIme e58 is not binding.
Constraint machineTIme e59 is not binding.
Constraint machineTIme e60 is not binding.
Constraint machineTIme e61 is not binding.
Constraint machineTIme e62 is not binding.
Constraint machineTIme e63 is not binding.
Constraint machineTIme e64 is not binding.
Constraint machineTIme e65 is not binding.
Constraint machineTIme e66 is not binding.
Constraint machineTIme e67 is not binding.
Constraint machineTIme e68 is not binding.
Constraint machineTIme e69 is not binding.
Constraint machineTIme e70 is not binding.
Constraint machineTIme e71 is not binding.
Constraint machineTIme e72 is not binding.
Constraint DEMand [SH001] is not binding.
Constraint DEMand [SH002] is not binding.
Constraint DEMand [SH003] is not binding.
Constraint DEMand [SH004] is not binding.
Constraint DEMand [SH005] is binding.
Constraint DEMand [SH006] is not binding.
Constraint DEMand [SH007] is not binding.
Constraint DEMand [SH008] is not binding.
Constraint DEMand [SH009] is not binding.
Constraint DEMand [SH010] is not binding.
Constraint DEMand [SH011] is not binding.
Constraint DEMand [SH012] is binding.
Constraint DEMand [SH013] is not binding.
Constraint DEMand [SH014] is not binding.
Constraint DEMand [SH015] is not binding.
Constraint DEMand [SH016] is not binding.
Constraint DEMand [SH017] is not binding.
Constraint DEMand [SH018] is not binding.
Constraint DEMand [SH019] is not binding.
Constraint DEMand [SH020] is not binding.
Constraint DEMand [SH021] is not binding.
Constraint DEMand [SH022] is not binding.
Constraint DEMand [SH023] is not binding.
Constraint DEMand [SH024] is not binding.
Constraint DEMand [SH025] is not binding.
Constraint DEMand [SH026] is not binding.
Constraint DEMand [SH027] is binding.
Constraint DEMand [SH028] is not binding.
Constraint DEMand [SH029] is not binding.
Constraint DEMand [SH030] is not binding.
Constraint DEMand [SH031] is not binding.
Constraint DEMand [SH032] is not binding.
Constraint DEMand [SH033] is not binding.
Constraint DEMand [SH034] is not binding.
Constraint DEMand [SH035] is not binding.
Constraint DEMand [SH036] is not binding.
Constraint DEMand [SH037] is not binding.
Constraint DEMand [SH038] is not binding.
Constraint DEMand [SH039] is not binding.
Constraint DEMand [SH040] is not binding.
Constraint DEMand [SH041] is binding.
Constraint DEMand [SH042] is not binding.
Constraint DEMand [SH043] is not binding.
Constraint DEMand [SH044] is not binding.
Constraint DEMand [SH045] is not binding.
Constraint DEMand [SH046] is not binding.
Constraint DEMand [SH047] is not binding.
Constraint DEMand [SH048] is not binding.
Constraint DEMand [SH049] is not binding.
Constraint DEMand [SH050] is not binding.
Constraint DEMand [SH051] is not binding.
Constraint DEMand [SH052] is not binding.
Constraint DEMand [SH053] is not binding.
Constraint DEMand [SH054] is not binding.
Constraint DEMand [SH055] is not binding.
Constraint DEMand [SH056] is not binding.
Constraint DEMand [SH057] is not binding.
Constraint DEMand [SH058] is binding.
Constraint DEMand [SH059] is not binding.
Constraint DEMand [SH060] is not binding.
Constraint DEMand [SH061] is binding.
Constraint DEMand [SH062] is not binding.
Constraint DEMand [SH063] is binding.
Constraint DEMand [SH064] is not binding.
Constraint DEMand [SH065] is not binding.
Constraint DEMand [SH066] is not binding.
Constraint DEMand [SH067] is not binding.
Constraint DEMand [SH068] is not binding.
Constraint DEMand [SH069] is not binding.
Constraint DEMand [SH070] is not binding.
Constraint DEMand [SH071] is not binding.
Constraint DEMand [SH072] is not binding.
Constraint DEMand [SH073] is not binding.
Constraint DEMand [SH074] is not binding.
Constraint DEMand [SH075] is not binding.
Constraint DEMand [SH076] is not binding.
Constraint DEMand [SH077] is not binding.
Constraint DEMand [SH078] is not binding.
Constraint DEMand [SH079] is not binding.
Constraint DEMand [SH080] is not binding.
Constraint DEMand [SH081] is not binding.
Constraint DEMand [SH082] is not binding.
Constraint DEMand [SH083] is not binding.
Constraint DEMand [SH084] is not binding.
Constraint DEMand [SH085] is not binding.
Constraint DEMand [SH086] is not binding.
Constraint DEMand [SH087] is binding.
Constraint DEMand [SH088] is not binding.
Constraint DEMand [SH089] is not binding.
Constraint DEMand [SH090] is not binding.
Constraint DEMand [SH091] is not binding.
Constraint DEMand [SH092] is not binding.
Constraint DEMand [SH093] is binding.
Constraint DEMand [SH094] is not binding.
Constraint DEMand [SH095] is not binding.
Constraint DEMand [SH096] is not binding.
Constraint DEMand [SH097] is not binding.
Constraint DEMand [SH098] is not binding.
Constraint DEMand [SH099] is not binding.
Constraint DEMand [SH100] is not binding.
Constraint DEMand [SH101] is not binding.
Constraint DEMand [SH102] is not binding.
Constraint DEMand [SH103] is not binding.
Constraint DEMand [SH104] is not binding.
Constraint DEMand [SH105] is binding.
Constraint DEMand [SH106] is not binding.
Constraint DEMand [SH107] is not binding.
Constraint DEMand [SH108] is not binding.
Constraint DEMand [SH109] is binding.
Constraint DEMand [SH110] is not binding.
Constraint DEMand [SH111] is not binding.
Constraint DEMand [SH112] is not binding.
Constraint DEMand [SH113] is not binding.
Constraint DEMand [SH114] is binding.
Constraint DEMand [SH115] is not binding.
Constraint DEMand [SH116] is not binding.
Constraint DEMand [SH117] is not binding.
Constraint DEMand [SH118] is not binding.
Constraint DEMand [SH119] is not binding.
Constraint DEMand [SH120] is not binding.
Constraint DEMand [SH121] is not binding.
Constraint DEMand [SH122] is not binding.
Constraint DEMand [SH123] is not binding.
Constraint DEMand [SH124] is not binding.
Constraint DEMand [SH125] is not binding.
Constraint DEMand [SH126] is binding.
Constraint DEMand [SH127] is not binding.
Constraint DEMand [SH128] is not binding.
Constraint DEMand [SH129] is not binding.
Constraint DEMand [SH130] is not binding.
Constraint DEMand [SH131] is not binding.
Constraint DEMand [SH132] is binding.
Constraint DEMand [SH133] is not binding.
Constraint DEMand [SH134] is not binding.
Constraint DEMand [SH135] is not binding.
Constraint DEMand [SH136] is not binding.
Constraint DEMand [SH137] is not binding.
Constraint DEMand [SH138] is not binding.
Constraint DEMand [SH139] is not binding.
Constraint DEMand [SH140] is not binding.
Constraint DEMand [SH141] is not binding.
Constraint DEMand [SH142] is not binding.
Constraint DEMand [SH143] is not binding.
Constraint DEMand [SH144] is not binding.
Constraint DEMand [SH145] is not binding.
Constraint DEMand [SH146] is not binding.
Constraint DEMand [SH147] is not binding.
Constraint DEMand [SH148] is not binding.
Constraint DEMand [SH149] is not binding.
Constraint DEMand [SH150] is not binding.
Constraint DEMand [SH151] is not binding.
Constraint DEMand [SH152] is not binding.
Constraint DEMand [SH153] is not binding.
Constraint DEMand [SH154] is not binding.
Constraint DEMand [SH155] is not binding.
Constraint DEMand [SH156] is not binding.
Constraint DEMand [SH157] is binding.
Constraint DEMand [SH158] is not binding.
Constraint DEMand [SH159] is not binding.
Constraint DEMand [SH160] is not binding.
Constraint DEMand [SH161] is not binding.
Constraint DEMand [SH162] is not binding.
Constraint DEMand [SH163] is not binding.
Constraint DEMand [SH164] is not binding.
Constraint DEMand [SH165] is binding.
Constraint DEMand [SH166] is not binding.
Constraint DEMand [SH167] is not binding.
Constraint DEMand [SH168] is not binding.
Constraint DEMand [SH169] is not binding.
Constraint DEMand [SH170] is not binding.
Constraint DEMand [SH171] is not binding.
Constraint DEMand [SH172] is not binding.
Constraint DEMand [SH173] is not binding.
Constraint DEMand [SH174] is not binding.
Constraint DEMand [SH175] is not binding.
Constraint DEMand [SH176] is not binding.
Constraint DEMand [SH177] is not binding.
Constraint DEMand [SH178] is not binding.
Constraint DEMand [SH179] is not binding.
Constraint DEMand [SH180] is not binding.
Constraint DEMand [SH181] is not binding.
Constraint DEMand [SH182] is not binding.
Constraint DEMand [SH183] is not binding.
Constraint DEMand [SH184] is not binding.
Constraint DEMand [SH185] is not binding.
Constraint DEMand [SH186] is not binding.
Constraint DEMand [SH187] is not binding.
Constraint DEMand [SH188] is not binding.
Constraint DEMand [SH189] is not binding.
Constraint DEMand [SH190] is not binding.
Constraint DEMand [SH191] is not binding.
Constraint DEMand [SH192] is not binding.
Constraint DEMand [SH193] is not binding.
Constraint DEMand [SH194] is not binding.
Constraint DEMand [SH195] is not binding.
Constraint DEMand [SH196] is not binding.
Constraint DEMand [SH197] is not binding.
Constraint DEMand [SH198] is not binding.
Constraint DEMand [SH199] is not binding.
Constraint DEMand [SH200] is not binding.
Constraint DEMand [SH201] is not binding.
Constraint DEMand [SH202] is not binding.
Constraint DEMand [SH203] is not binding.
Constraint DEMand [SH204] is not binding.
Constraint DEMand [SH205] is not binding.
Constraint DEMand [SH206] is not binding.
Constraint DEMand [SH207] is not binding.
Constraint DEMand [SH208] is not binding.
Constraint DEMand [SH209] is not binding.
Constraint DEMand [SH210] is not binding.
Constraint DEMand [SH211] is not binding.
Constraint DEMand [SH212] is not binding.
Constraint DEMand [SH213] is not binding.
Constraint DEMand [SH214] is not binding.
Constraint DEMand [SH215] is not binding.
Constraint DEMand [SH216] is not binding.
Constraint DEMand [SH217] is not binding.
Constraint DEMand [SH218] is not binding.
Constraint DEMand [SH219] is not binding.
Constraint DEMand [SH220] is not binding.
Constraint DEMand [SH221] is not binding.
Constraint DEMand [SH222] is not binding.
Constraint DEMand [SH223] is not binding.
Constraint DEMand [SH224] is not binding.
Constraint DEMand [SH225] is not binding.
Constraint DEMand [SH226] is not binding.
Constraint DEMand [SH227] is not binding.
Constraint DEMand [SH228] is not binding.
Constraint DEMand [SH229] is not binding.
Constraint DEMand [SH230] is not binding.
Constraint DEMand [SH231] is not binding.
Constraint DEMand [SH232] is not binding.
Constraint DEMand [SH233] is not binding.
Constraint DEMand [SH234] is not binding.
Constraint DEMand [SH235] is not binding.
Constraint DEMand [SH236] is not binding.
Constraint DEMand [SH237] is not binding.
Constraint DEMand [SH238] is not binding.
Constraint DEMand [SH239] is not binding.
Constraint DEMand [SH240] is not binding.
Constraint DEMand [SH241] is not binding.
Constraint DEMand [SH242] is not binding.
Constraint DEMand [SH243] is not binding.
Constraint DEMand [SH244] is not binding.
Constraint DEMand [SH245] is not binding.
Constraint DEMand [SH246] is not binding.
Constraint DEMand [SH247] is binding.
Constraint DEMand [SH248] is not binding.
Constraint DEMand [SH249] is not binding.
Constraint DEMand [SH250] is not binding.
Constraint DEMand [SH251] is not binding.
Constraint DEMand [SH252] is not binding.
Constraint DEMand [SH253] is not binding.
Constraint DEMand [SH254] is not binding.
Constraint DEMand [SH255] is binding.
Constraint DEMand [SH256] is not binding.
Constraint DEMand [SH257] is not binding.
Constraint DEMand [SH258] is not binding.
Constraint DEMand [SH259] is not binding.
Constraint DEMand [SH260] is not binding.
Constraint DEMand [SH261] is not binding.
Constraint DEMand [SH262] is not binding.
Constraint DEMand [SH263] is not binding.
Constraint DEMand [SH264] is binding.
Constraint DEMand [SH265] is not binding.
Constraint DEMand [SH266] is not binding.
Constraint DEMand [SH267] is not binding.
Constraint DEMand [SH268] is not binding.
Constraint DEMand [SH269] is not binding.
Constraint DEMand [SH270] is not binding.
Constraint DEMand [SH271] is not binding.
Constraint DEMand [SH272] is not binding.
Constraint DEMand [SH273] is not binding.
Constraint DEMand [SH274] is not binding.
Constraint DEMand [SH275] is not binding.
Constraint DEMand [SH276] is not binding.
Constraint DEMand [SH277] is not binding.
Constraint DEMand [SH278] is not binding.
Constraint DEMand [SH279] is not binding.
Constraint DEMand [SH280] is not binding.
Constraint DEMand [SH281] is not binding.
Constraint DEMand [SH282] is not binding.
Constraint DEMand [SH283] is not binding.
Constraint DEMand [SH284] is not binding.
Constraint DEMand [SH285] is not binding.
Constraint DEMand [SH286] is not binding.
Constraint DEMand [SH287] is not binding.
Constraint DEMand [SH288] is not binding.
Constraint DEMand [SH289] is not binding.
Constraint DEMand [SH290] is not binding.
Constraint DEMand [SH291] is not binding.
Constraint DEMand [SH292] is binding.
Constraint DEMand [SH293] is not binding.
Constraint DEMand [SH294] is not binding.
Constraint DEMand [SH295] is not binding.
Constraint DEMand [SH296] is not binding.
Constraint DEMand [SH297] is not binding.
Constraint DEMand [SH298] is not binding.
Constraint DEMand [SH299] is not binding.
Constraint DEMand [SH300] is not binding.
Constraint DEMand [SH301] is not binding.
Constraint DEMand [SH302] is not binding.
Constraint DEMand [SH303] is not binding.
Constraint DEMand [SH304] is not binding.
Constraint DEMand [SH305] is not binding.
Constraint DEMand [SH306] is not binding.
Constraint DEMand [SH307] is not binding.
Constraint DEMand [SH308] is not binding.
Constraint DEMand [SH309] is not binding.
Constraint DEMand [SH310] is not binding.
Constraint DEMand [SH311] is not binding.
Constraint DEMand [SH312] is not binding.
Constraint DEMand [SH313] is not binding.
Constraint DEMand [SH314] is not binding.
Constraint DEMand [SH315] is not binding.
Constraint DEMand [SH316] is not binding.
Constraint DEMand [SH317] is not binding.
Constraint DEMand [SH318] is not binding.
Constraint DEMand [SH319] is not binding.
Constraint DEMand [SH320] is not binding.
Constraint DEMand [SH321] is not binding.
Constraint DEMand [SH322] is not binding.
Constraint DEMand [SH323] is not binding.
Constraint DEMand [SH324] is not binding.
Constraint DEMand [SH325] is not binding.
Constraint DEMand [SH326] is binding.
Constraint DEMand [SH327] is not binding.
Constraint DEMand [SH328] is binding.
Constraint DEMand [SH329] is binding.
Constraint DEMand [SH330] is not binding.
Constraint DEMand [SH331] is binding.
Constraint DEMand [SH332] is not binding.
Constraint DEMand [SH333] is not binding.
Constraint DEMand [SH334] is not binding.
Constraint DEMand [SH335] is not binding.
Constraint DEMand [SH336] is not binding.
Constraint DEMand [SH337] is not binding.
Constraint DEMand [SH338] is not binding.
Constraint DEMand [SH339] is not binding.
Constraint DEMand [SH340] is not binding.
Constraint DEMand [SH341] is not binding.
Constraint DEMand [SH342] is binding.
Constraint DEMand [SH343] is not binding.
Constraint DEMand [SH344] is not binding.
Constraint DEMand [SH345] is binding.
Constraint DEMand [SH346] is binding.
Constraint DEMand [SH347] is not binding.
Constraint DEMand [SH348] is not binding.
Constraint DEMand [SH349] is not binding.
Constraint DEMand [SH350] is not binding.
Constraint DEMand [SH351] is not binding.
Constraint DEMand [SH352] is not binding.
Constraint DEMand [SH353] is not binding.
Constraint DEMand [SH354] is not binding.
Constraint DEMand [SH355] is not binding.
Constraint DEMand [SH356] is binding.
Constraint DEMand [SH357] is not binding.
Constraint DEMand [SH358] is not binding.
Constraint DEMand [SH359] is not binding.
Constraint DEMand [SH360] is not binding.
Constraint DEMand [SH361] is not binding.
Constraint DEMand [SH362] is not binding.
Constraint DEMand [SH363] is not binding.
Constraint DEMand [SH364] is not binding.
Constraint DEMand [SH365] is not binding.
Constraint DEMand [SH366] is not binding.
Constraint DEMand [SH367] is not binding.
Constraint DEMand [SH368] is not binding.
Constraint DEMand [SH369] is binding.
Constraint DEMand [SH370] is not binding.
Constraint DEMand [SH371] is binding.
Constraint DEMand [SH372] is not binding.
Constraint DEMand [SH373] is not binding.
Constraint DEMand [SH374] is not binding.
Constraint DEMand [SH375] is binding.
Constraint DEMand [SH376] is not binding.
Constraint DEMand [SH377] is not binding.
Constraint DEMand [SH378] is not binding.
Constraint DEMand [SH379] is not binding.
Constraint DEMand [SH380] is not binding.
Constraint DEMand [SH381] is not binding.
Constraint DEMand [SH382] is not binding.
Constraint DEMand [SH383] is not binding.
Constraint DEMand [SH384] is not binding.
Constraint DEMand [SH385] is not binding.
Constraint DEMand [SH386] is not binding.
Constraint DEMand [SH387] is not binding.
Constraint DEMand [SH388] is not binding.
Constraint DEMand [SH389] is not binding.
Constraint DEMand [SH390] is not binding.
Constraint DEMand [SH391] is not binding.
Constraint DEMand [SH392] is not binding.
Constraint DEMand [SH393] is not binding.
Constraint DEMand [SH394] is not binding.
Constraint DEMand [SH395] is not binding.
Constraint DEMand [SH396] is not binding.
Constraint DEMand [SH397] is not binding.
Constraint DEMand [SH398] is not binding.
Constraint DEMand [SH399] is not binding.
Constraint DEMand [SH400] is not binding.
Constraint DEMand [SH401] is not binding.
Constraint DEMand [SH402] is not binding.
Constraint DEMand [SH403] is not binding.
Constraint DEMand [SH404] is not binding.
Constraint DEMand [SH405] is not binding.
Constraint DEMand [SH406] is not binding.
Constraint DEMand [SH407] is not binding.
Constraint DEMand [SH408] is not binding.
Constraint DEMand [SH409] is not binding.
Constraint DEMand [SH410] is not binding.
Constraint DEMand [SH411] is not binding.
Constraint DEMand [SH412] is not binding.
Constraint DEMand [SH413] is not binding.
Constraint DEMand [SH414] is not binding.
Constraint DEMand [SH415] is not binding.
Constraint DEMand [SH416] is not binding.
Constraint DEMand [SH417] is binding.
Constraint DEMand [SH418] is binding.
Constraint DEMand [SH419] is not binding.
Constraint DEMand [SH420] is not binding.
Constraint DEMand [SH421] is not binding.
Constraint DEMand [SH422] is not binding.
Constraint DEMand [SH423] is binding.
Constraint DEMand [SH424] is not binding.
Constraint DEMand [SH425] is not binding.
Constraint DEMand [SH426] is not binding.
Constraint DEMand [SH427] is not binding.
Constraint DEMand [SH428] is not binding.
Constraint DEMand [SH429] is not binding.
Constraint DEMand [SH430] is binding.
Constraint DEMand [SH431] is not binding.
Constraint DEMand [SH432] is not binding.
Constraint DEMand [SH433] is not binding.
Constraint DEMand [SH434] is not binding.
Constraint DEMand [SH435] is not binding.
Constraint DEMand [SH436] is not binding.
Constraint DEMand [SH437] is not binding.
Constraint DEMand [SH438] is not binding.
Constraint DEMand [SH439] is not binding.
Constraint DEMand [SH440] is not binding.
Constraint DEMand [SH441] is not binding.
Constraint DEMand [SH442] is not binding.
Constraint DEMand [SH443] is not binding.
Constraint DEMand [SH444] is not binding.
Constraint DEMand [SH445] is not binding.
Constraint DEMand [SH446] is not binding.
Constraint DEMand [SH447] is not binding.
Constraint DEMand [SH448] is not binding.
Constraint DEMand [SH449] is not binding.
Constraint DEMand [SH450] is not binding.
Constraint DEMand [SH451] is not binding.
Constraint DEMand [SH452] is not binding.
Constraint DEMand [SH453] is not binding.
Constraint DEMand [SH454] is not binding.
Constraint DEMand [SH455] is not binding.
Constraint DEMand [SH456] is binding.
Constraint DEMand [SH457] is not binding.
Constraint DEMand [SH458] is not binding.
Constraint DEMand [SH459] is not binding.
Constraint DEMand [SH460] is not binding.
Constraint DEMand [SH461] is not binding.
Constraint DEMand [SH462] is not binding.
Constraint DEMand [SH463] is not binding.
Constraint DEMand [SH464] is not binding.
Constraint DEMand [SH465] is not binding.
Constraint DEMand [SH466] is not binding.
Constraint DEMand [SH467] is not binding.
Constraint DEMand [SH468] is binding.
Constraint DEMand [SH469] is not binding.
Constraint DEMand [SH470] is not binding.
Constraint DEMand [SH471] is not binding.
Constraint DEMand [SH472] is not binding.
Constraint DEMand [SH473] is not binding.
Constraint DEMand [SH474] is binding.
Constraint DEMand [SH475] is not binding.
Constraint DEMand [SH476] is not binding.
Constraint DEMand [SH477] is not binding.
Constraint DEMand [SH478] is not binding.
Constraint DEMand [SH479] is not binding.
Constraint DEMand [SH480] is binding.
Constraint DEMand [SH481] is not binding.
Constraint DEMand [SH482] is not binding.
Constraint DEMand [SH483] is not binding.
Constraint DEMand [SH484] is not binding.
Constraint DEMand [SH485] is not binding.
Constraint DEMand [SH486] is not binding.
Constraint DEMand [SH487] is not binding.
Constraint DEMand [SH488] is not binding.
Constraint DEMand [SH489] is not binding.
Constraint DEMand [SH490] is not binding.
Constraint DEMand [SH491] is binding.
Constraint DEMand [SH492] is binding.
Constraint DEMand [SH493] is not binding.
Constraint DEMand [SH494] is binding.
Constraint DEMand [SH495] is not binding.
Constraint DEMand [SH496] is not binding.
Constraint DEMand [SH497] is not binding.
Constraint DEMand [SH498] is not binding.
Constraint DEMand [SH499] is not binding.
Constraint DEMand [SH500] is not binding.
Constraint DEMand [SH501] is not binding.
Constraint DEMand [SH502] is not binding.
Constraint DEMand [SH503] is not binding.
Constraint DEMand [SH504] is not binding.
Constraint DEMand [SH505] is not binding.
Constraint DEMand [SH506] is not binding.
Constraint DEMand [SH507] is not binding.
Constraint DEMand [SH508] is not binding.
Constraint DEMand [SH509] is not binding.
Constraint DEMand [SH510] is not binding.
Constraint DEMand [SH511] is binding.
Constraint DEMand [SH512] is not binding.
Constraint DEMand [SH513] is not binding.
Constraint DEMand [SH514] is not binding.
Constraint DEMand [SH515] is not binding.
Constraint DEMand [SH516] is not binding.
Constraint DEMand [SH517] is not binding.
Constraint DEMand [SH518] is not binding.
Constraint DEMand [SH519] is not binding.
Constraint DEMand [SH520] is not binding.
Constraint DEMand [SH521] is not binding.
Constraint DEMand [SH522] is not binding.
Constraint DEMand [SH523] is not binding.
Constraint DEMand [SH524] is not binding.
Constraint DEMand [SH525] is binding.
Constraint DEMand [SH526] is not binding.
Constraint DEMand [SH527] is not binding.
Constraint DEMand [SH528] is not binding.
Constraint DEMand [SH529] is not binding.
Constraint DEMand [SH530] is not binding.
Constraint DEMand [SH531] is not binding.
Constraint DEMand [SH532] is not binding.
Constraint DEMand [SH533] is not binding.
Constraint DEMand [SH534] is not binding.
Constraint DEMand [SH535] is not binding.
Constraint DEMand [SH536] is not binding.
Constraint DEMand [SH537] is not binding.
Constraint DEMand [SH538] is not binding.
Constraint DEMand [SH539] is not binding.
Constraint DEMand [SH540] is binding.
Constraint DEMand [SH541] is not binding.
Constraint DEMand [SH542] is not binding.
Constraint DEMand [SH543] is not binding.
Constraint DEMand [SH544] is not binding.
Constraint DEMand [SH545] is not binding.
Constraint DEMand [SH546] is not binding.
Constraint DEMand [SH547] is not binding.
Constraint DEMand [SH548] is not binding.
Constraint DEMand [SH549] is binding.
Constraint DEMand [SH550] is not binding.
Constraint DEMand [SH551] is not binding.
Constraint DEMand [SH552] is not binding.
Constraint DEMand [SH553] is not binding.
Constraint DEMand [SH554] is not binding.
Constraint DEMand [SH555] is not binding.
Constraint DEMand [SH556] is not binding.
Constraint DEMand [SH557] is not binding.
The number of constraints were violated after rounding is: 168 
